SA2_CODE21,Total Resisdents - 2011,Births - 2011,Total Resisdents - 2012,Births - 2012,Total Resisdents - 2013,Births - 2013,Total Resisdents - 2014,Births - 2014,Total Resisdents - 2015,Births - 2015,Total Resisdents - 2016,Births - 2016,Total Resisdents - 2017,Births - 2017,Total Resisdents - 2018,Births - 2018,Total Resisdents - 2019,Births - 2019,Total Resisdents - 2020,Births - 2020,Total Resisdents - 2021,Births - 2021
102011028,"7,289",76,"7,362",75,"7,428",75,"7,502",70,"7,562",73,"7,626",71,"7,642",79,"7,647",80,"7,633",75,"7,600",63,"7,530",82
102011029,"10,699",96,"10,748",89,"10,810",108,"10,871",90,"10,933",111,"10,995",92,"11,031",92,"11,074",97,"11,077",78,"11,056",83,"11,052",89
102011030,"4,578",52,"4,632",34,"4,691",38,"4,746",45,"4,799",45,"4,858",41,"4,840",46,"4,827",52,"4,806",55,"4,773",40,"4,748",44
102011031,"14,072",121,"14,122",103,"14,186",100,"14,243",95,"14,285",111,"14,342",106,"14,492",89,"14,652",122,"14,804",119,"14,834",100,"14,803",117
102011032,"18,748",262,"18,932",255,"18,998",269,"19,046",264,"19,194",245,"19,382",260,"19,692",243,"19,990",289,"20,408",251,"20,924",225,"21,346",308
102011033,"6,669",113,"6,640",76,"6,643",96,"6,633",59,"6,607",99,"6,586",61,"6,575",88,"6,571",104,"6,561",78,"6,555",67,"6,518",88
102011034,"7,339",66,"7,365",72,"7,400",63,"7,425",60,"7,448",65,"7,483",55,"7,523",67,"7,575",76,"7,610",80,"7,623",75,"7,628",74
102011035,"6,725",79,"6,747",79,"6,779",89,"6,798",63,"6,822",80,"6,848",80,"6,922",78,"6,989",89,"7,052",81,"7,130",93,"7,191",83
102011036,"8,299",113,"8,277",88,"8,264",117,"8,243",73,"8,215",93,"8,201",66,"8,218",74,"8,220",105,"8,229",83,"8,221",94,"8,237",85
102011037,"6,513",57,"6,485",66,"6,465",83,"6,438",61,"6,410",75,"6,389",61,"6,418",67,"6,442",67,"6,504",64,"6,585",51,"6,575",70
102011038,"6,843",86,"6,899",74,"6,975",75,"7,072",87,"7,129",75,"7,195",85,"7,205",75,"7,234",102,"7,236",55,"7,214",72,"7,179",70
102011039,"13,224",143,"13,328",152,"13,445",140,"13,549",126,"13,765",134,"13,939",146,"14,111",145,"14,297",136,"14,520",144,"14,807",136,"14,890",144
102011040,"23,310",274,"23,408",275,"23,530",278,"23,722",237,"23,958",274,"24,235",246,"24,404",246,"24,533",300,"24,639",250,"24,823",255,"24,853",263
102011041,"9,511",106,"9,623",106,"9,709",121,"9,786",108,"9,861",113,"10,069",111,"10,279",100,"10,380",116,"10,519",97,"10,619",102,"10,691",88
102011042,"13,669",165,"13,740",137,"13,843",156,"13,943",119,"14,070",161,"14,216",119,"14,359",133,"14,417",168,"14,448",161,"14,432",152,"14,402",176
102011043,"11,530",168,"11,577",129,"11,629",162,"11,677",131,"11,722",132,"11,773",124,"11,740",139,"11,705",181,"11,657",145,"11,573",151,"11,457",132
102021044,"22,025",299,"22,099",273,"22,175",288,"22,270",242,"22,365",282,"22,478",251,"22,637",250,"22,760",293,"22,842",273,"22,940",288,"22,986",308
102021045,"11,087",180,"11,121",177,"11,155",154,"11,186",136,"11,237",176,"11,302",147,"11,377",155,"11,439",201,"11,454",188,"11,381",164,"11,389",185
102021046,"9,216",106,"9,269",115,"9,347",120,"9,419",100,"9,495",102,"9,590",108,"9,647",103,"9,680",129,"9,692",108,"9,729",122,"9,788",121
102021047,"15,748",203,"15,746",176,"15,754",190,"15,748",170,"15,739",184,"15,744",177,"15,809",184,"15,880",215,"15,937",209,"15,976",166,"16,072",228
102021048,"21,295",263,"21,607",295,"21,892",261,"22,095",229,"22,314",238,"22,584",211,"22,681",287,"22,768",299,"22,839",284,"22,740",293,"22,585",289
102021049,"3,138",25,"3,203",25,"3,269",30,"3,321",30,"3,369",29,"3,423",27,"3,439",23,"3,463",29,"3,476",29,"3,440",31,"3,428",23
102021050,"10,400",111,"10,501",121,"10,611",123,"10,714",88,"10,808",110,"10,925",99,"10,956",100,"10,985",122,"10,999",91,"11,004",109,"11,007",116
102021051,"4,959",50,"4,972",61,"4,985",57,"4,998",47,"5,005",59,"5,014",43,"5,023",52,"5,025",64,"5,015",53,"4,980",55,"4,941",54
102021052,"5,527",62,"5,598",62,"5,671",67,"5,741",62,"5,818",67,"5,897",57,"6,014",64,"6,171",75,"6,283",60,"6,391",60,"6,518",83
102021053,"14,424",170,"14,580",197,"14,748",202,"14,931",178,"15,182",201,"15,383",190,"15,599",182,"15,756",191,"15,902",178,"15,967",169,"15,934",179
102021054,"9,300",114,"9,428",113,"9,559",119,"9,715",100,"9,853",112,"10,040",96,"10,098",117,"10,126",119,"10,106",119,"10,026",94,"9,968",112
102021055,"5,318",73,"5,344",62,"5,361",75,"5,387",60,"5,409",75,"5,442",57,"5,425",64,"5,397",59,"5,370",64,"5,328",69,"5,260",54
102021056,"12,786",185,"13,294",158,"13,777",178,"14,389",150,"15,004",170,"15,637",181,"16,704",210,"17,551",255,"18,381",249,"19,234",266,"20,210",306
102021057,"8,416",125,"8,516",96,"8,646",123,"8,769",105,"8,886",127,"9,015",104,"9,091",109,"9,150",123,"9,182",100,"9,162",111,"9,193",97
115011290,"22,188",319,"22,370",325,"22,628",332,"22,941",307,"23,270",296,"23,711",311,"24,443",314,"24,590",296,"24,795",299,"24,973",261,"24,853",262
115011291,"19,488",172,"19,688",189,"19,901",168,"20,176",190,"20,555",185,"20,853",169,"21,148",189,"21,364",172,"21,558",175,"21,694",153,"21,792",182
115011294,"6,063",43,"6,160",43,"6,256",50,"6,325",38,"6,403",45,"6,501",43,"6,540",37,"6,528",45,"6,492",32,"6,455",26,"6,368",34
115011296,"13,120",109,"13,121",94,"13,150",92,"13,168",94,"13,175",107,"13,184",96,"13,152",88,"13,069",106,"12,962",100,"12,871",54,"12,698",94
115011553,"7,556",105,"7,603",114,"7,663",98,"7,724",87,"7,774",107,"7,832",94,"7,903",76,"7,916",97,"7,936",85,"7,855",54,"7,685",68
115011554,"5,824",22,"5,816",29,"5,806",27,"5,781",24,"5,770",22,"5,754",23,"5,743",25,"5,739",26,"5,745",16,"5,720",18,"5,673",23
115011555,"11,958",103,"12,006",84,"12,103",101,"12,173",92,"12,242",103,"12,312",107,"12,397",82,"12,422",100,"12,433",89,"12,398",100,"12,214",79
115011556,"9,233",112,"9,360",119,"9,508",123,"9,655",101,"9,793",119,"9,943",101,"10,030",96,"10,096",104,"10,366",96,"10,460",93,"10,436",100
115011557,"5,313",68,"5,333",41,"5,358",63,"5,384",39,"5,410",56,"5,443",56,"5,407",42,"5,370",47,"5,333",27,"5,282",43,"5,198",33
115011558,"19,707",120,"19,650",149,"19,603",132,"19,588",129,"19,518",134,"19,460",138,"19,582",129,"19,569",123,"19,543",114,"19,472",96,"19,135",101
115011621,"16,908",216,"16,901",184,"16,959",208,"17,294",160,"17,724",221,"18,216",166,"18,307",172,"18,128",208,"18,016",172,"17,867",130,"17,748",154
115011622,"2,279",27,"2,965",36,"3,660",53,"4,356",55,"5,097",79,"5,849",86,"7,252",88,"8,408",86,"9,467",98,"10,393",116,"11,417",148
115021297,"21,062",184,"21,155",187,"21,279",215,"21,400",171,"21,522",212,"21,649",177,"22,050",172,"22,283",227,"22,437",186,"22,564",162,"22,586",155
115021298,"5,303",40,"5,307",42,"5,317",51,"5,338",35,"5,353",44,"5,367",49,"5,422",42,"5,475",42,"5,465",46,"5,425",38,"5,438",37
115031299,"2,716",26,"2,730",24,"2,746",27,"2,761",26,"2,777",26,"2,795",22,"2,813",25,"2,823",29,"2,833",30,"2,847",38,"2,854",16
115031300,"22,113",246,"22,127",247,"22,178",208,"22,238",210,"22,341",277,"22,476",232,"22,454",247,"22,422",300,"22,381",267,"22,335",250,"22,296",284
115041301,"9,257",121,"9,556",116,"9,863",144,"10,150",102,"10,464",127,"10,781",129,"10,948",169,"11,053",160,"11,206",141,"11,349",133,"11,450",131
115041623,"1,738",13,"1,766",15,"1,662",15,"1,504",13,"1,495",15,"1,493",8,"1,496",13,"1,637",28,"4,230",81,"6,883",144,"10,330",254
115041624,"1,787",10,"2,043",13,"2,662",10,"3,581",18,"4,243",62,"4,905",76,"6,924",99,"9,670",167,"12,311",214,"14,955",241,"17,486",307
115041625,"15,253",226,"15,592",199,"15,734",213,"15,761",170,"16,260",208,"17,085",178,"17,286",168,"17,418",207,"17,523",159,"17,640",138,"17,609",163
116011303,"16,284",430,"16,447",348,"16,716",358,"16,963",351,"17,225",384,"17,519",358,"17,641",385,"17,619",360,"17,647",353,"17,627",326,"17,182",343
116011304,"17,455",310,"17,636",290,"17,867",291,"18,089",273,"18,335",285,"18,627",285,"19,234",287,"19,868",399,"20,512",348,"20,706",349,"20,741",330
116011306,"20,410",272,"20,602",302,"21,020",331,"21,745",281,"22,556",326,"23,273",370,"23,517",342,"23,677",379,"23,774",353,"23,722",297,"23,603",305
116011307,"24,881",359,"24,983",378,"25,157",368,"25,320",373,"25,466",356,"25,646",345,"25,823",362,"25,893",372,"25,912",328,"25,823",323,"25,565",321
116011560,"12,078",205,"12,098",211,"12,256",197,"12,468",176,"12,601",169,"12,752",205,"12,850",167,"12,893",220,"12,855",188,"12,815",155,"12,683",166
116011561,"15,645",264,"15,808",264,"16,017",288,"16,184",253,"16,387",269,"16,648",264,"16,896",233,"17,127",278,"17,331",249,"17,339",244,"17,238",265
116011626,"13,927",211,"14,001",194,"14,072",184,"14,148",172,"14,263",196,"14,403",204,"14,731",200,"15,012",205,"15,208",183,"15,134",204,"14,923",181
116011627,"9,580",120,"9,689",171,"9,830",153,"10,002",152,"10,194",150,"10,380",148,"10,794",167,"11,085",180,"11,333",187,"11,495",151,"11,623",183
116021309,"15,926",227,"16,098",214,"16,226",216,"16,397",188,"16,543",223,"16,668",166,"16,632",168,"16,564",168,"16,434",142,"16,174",153,"15,870",139
116021562,"3,801",85,"3,854",78,"3,870",62,"3,901",60,"3,943",60,"3,962",55,"3,927",54,"3,886",55,"3,827",57,"3,778",44,"3,681",54
116021563,"22,939",458,"23,041",395,"23,160",410,"23,309",336,"23,480",388,"23,687",364,"24,080",347,"24,369",406,"24,588",355,"24,829",332,"24,870",358
116021628,"11,585",264,"13,851",336,"16,545",419,"18,579",380,"19,917",409,"20,732",372,"20,912",327,"21,102",328,"21,209",276,"21,222",257,"21,202",224
116021629,924,14,891,4,859,10,820,4,855,12,"1,066",6,"2,833",30,"4,096",89,"6,212",168,"11,512",266,"15,636",396
116021630,"7,044",112,"7,136",121,"7,212",99,"7,267",89,"7,497",123,"8,002",112,"9,090",134,"10,014",187,"11,165",215,"12,452",288,"13,905",322
116021631,"1,316",16,"1,422",16,"1,607",24,"1,820",24,"2,212",43,"3,078",52,"4,473",81,"5,659",147,"7,125",157,"8,450",210,"10,053",229
116021632,"2,381",38,"2,544",23,"2,705",33,"2,932",34,"3,829",53,"5,665",94,"8,790",158,"12,332",248,"16,519",341,"20,896",430,"25,314",458
116021633,"11,444",244,"11,664",227,"12,243",228,"12,834",210,"13,182",173,"13,075",180,"13,216",171,"13,317",162,"13,305",139,"13,242",128,"13,101",134
116031313,"19,257",391,"19,173",352,"19,116",398,"19,049",324,"18,994",368,"18,948",364,"18,916",331,"18,884",427,"18,839",342,"18,795",346,"18,738",300
116031314,"8,424",164,"8,459",155,"8,500",138,"8,541",151,"8,584",143,"8,645",129,"8,675",127,"8,639",139,"8,587",129,"8,515",129,"8,415",113
116031315,"20,258",310,"20,438",316,"20,634",310,"20,884",290,"21,083",279,"21,315",281,"21,507",281,"21,749",345,"21,867",284,"21,771",279,"21,571",286
116031316,"16,552",395,"17,110",372,"17,903",358,"18,867",393,"20,207",445,"21,283",456,"21,897",415,"22,231",515,"22,393",456,"22,196",418,"21,867",372
116031317,"22,492",471,"22,727",430,"22,921",438,"23,077",342,"23,240",469,"23,501",412,"23,765",447,"23,780",500,"23,711",428,"23,456",390,"23,175",359
116031318,20,0,25,0,30,0,34,0,39,0,44,0,38,0,33,0,27,0,22,0,16,0
116031319,"20,252",293,"20,591",310,"20,958",300,"21,287",266,"21,546",320,"21,876",325,"22,252",304,"22,591",359,"22,915",307,"23,079",334,"22,986",298
117011320,14,0,15,0,17,0,18,0,20,0,21,0,28,0,28,0,28,3,299,8,507,15
117011321,"9,290",163,"9,521",138,"9,776",179,"10,165",126,"10,625",145,"11,281",159,"11,614",161,"12,167",205,"12,634",202,"12,874",186,"13,035",188
117011323,"11,182",139,"11,295",145,"11,465",151,"11,582",151,"11,688",134,"11,857",138,"12,274",128,"12,652",169,"13,385",164,"14,103",153,"14,829",248
117011324,0,0,3,0,3,0,4,0,6,0,7,0,7,0,8,0,8,0,9,0,9,0
117011325,15,0,25,0,36,0,46,0,57,0,67,0,58,0,49,0,41,0,32,0,23,0
117011634,"10,241",143,"10,116",133,"9,982",158,"9,881",130,"9,914",123,"10,169",124,"10,341",118,"10,196",128,"9,847",101,"9,530",94,"8,967",98
117011635,"10,762",147,"11,252",170,"11,889",204,"12,822",201,"13,934",216,"15,436",245,"16,811",231,"18,075",286,"19,376",289,"20,680",279,"21,819",326
117021327,"19,943",289,"20,185",295,"20,435",273,"20,698",238,"21,005",270,"21,342",233,"21,490",234,"21,650",243,"21,345",236,"21,003",181,"20,067",217
117021328,"7,677",129,"7,732",109,"7,855",124,"7,979",110,"8,113",113,"8,279",107,"8,303",121,"8,317",137,"8,332",106,"8,340",109,"8,335",122
117021636,"11,515",202,"11,674",183,"11,871",182,"12,065",181,"12,240",176,"12,398",149,"12,478",158,"12,504",163,"12,565",147,"12,553",149,"12,366",155
117021637,"14,567",232,"14,705",224,"14,881",234,"15,123",187,"15,311",234,"15,525",216,"15,441",204,"15,265",214,"15,063",180,"14,772",157,"14,334",180
117031329,"10,914",104,"11,251",113,"11,640",93,"11,867",89,"12,040",113,"12,242",106,"12,250",112,"12,059",107,"11,888",86,"11,644",74,"10,776",96
117031330,"14,890",285,"15,204",275,"15,750",292,"16,300",249,"16,835",254,"17,270",284,"17,852",265,"18,568",309,"19,094",271,"19,424",263,"19,368",318
117031331,"17,734",246,"18,118",244,"18,551",237,"19,023",207,"19,814",241,"20,830",249,"21,459",216,"21,781",253,"21,554",239,"21,298",218,"20,493",245
117031333,"19,612",158,"20,247",157,"20,763",193,"21,420",151,"22,055",140,"22,773",159,"22,976",156,"22,478",191,"22,026",151,"20,695",153,"18,443",137
117031336,"16,795",167,"16,961",167,"17,103",136,"17,295",147,"17,514",184,"17,746",161,"17,811",160,"17,571",156,"17,320",155,"17,005",140,"16,053",123
117031638,"7,847",98,"8,305",92,"8,750",87,"9,250",77,"9,893",78,"10,422",100,"10,470",73,"10,375",91,"10,108",74,"9,535",73,"8,442",71
117031639,"4,376",50,"5,151",52,"6,110",54,"7,164",61,"8,255",52,"9,112",66,"9,313",58,"9,151",54,"9,013",46,"8,861",47,"7,956",49
117031640,"15,062",200,"15,113",193,"15,276",184,"15,377",174,"15,594",189,"15,932",166,"16,382",165,"16,462",184,"16,300",136,"15,976",156,"14,893",145
117031641,"12,558",178,"12,782",171,"13,155",192,"13,366",206,"13,451",189,"13,678",176,"14,086",175,"14,036",178,"13,939",160,"13,805",151,"12,837",159
117031642,"13,523",145,"13,721",151,"13,796",151,"14,113",136,"14,501",158,"14,674",154,"14,938",135,"15,187",153,"15,032",152,"14,768",134,"13,881",157
117031643,"7,084",119,"7,247",111,"7,449",113,"7,788",98,"8,305",118,"8,895",117,"9,583",113,"10,347",175,"11,444",154,"12,143",171,"12,408",210
117031644,"8,220",70,"8,293",84,"8,568",102,"8,679",77,"8,691",70,"8,691",76,"8,820",73,"8,887",78,"8,869",71,"8,737",55,"8,199",70
117031645,"16,801",164,"17,470",197,"18,142",168,"19,113",179,"20,061",171,"20,945",174,"21,497",181,"21,607",172,"21,794",167,"21,813",117,"20,346",172
117031646,"7,681",67,"8,041",85,"8,261",94,"8,630",72,"9,047",72,"9,434",68,"9,461",53,"9,274",52,"8,911",43,"8,478",52,"7,558",53
117031647,"11,404",156,"11,875",171,"12,380",171,"13,177",156,"14,572",195,"15,541",216,"16,041",205,"16,413",221,"16,739",215,"16,853",194,"16,639",242
117031648,"4,077",71,"5,095",94,"6,082",98,"7,561",123,"9,301",162,"10,718",173,"11,560",172,"11,854",183,"12,280",140,"12,790",177,"12,846",200
118011339,"19,552",301,"19,566",327,"19,587",330,"19,601",293,"19,622",314,"19,659",311,"19,699",323,"19,714",306,"19,678",291,"19,655",274,"19,297",315
118011340,"21,066",359,"21,362",391,"21,735",376,"22,072",329,"22,391",369,"22,771",350,"22,953",351,"22,963",385,"22,856",376,"22,383",327,"21,041",368
118011341,"16,966",266,"17,195",270,"17,478",253,"17,724",216,"17,894",243,"18,061",269,"18,270",214,"18,309",229,"18,325",228,"18,297",226,"17,866",234
118011342,0,0,3,0,3,0,3,0,3,0,3,0,0,0,0,0,0,0,0,0,0,0
118011344,"11,114",152,"11,171",177,"11,252",180,"11,345",155,"11,429",172,"11,522",175,"11,548",179,"11,553",157,"11,528",134,"11,419",128,"11,184",133
118011345,"15,461",251,"15,672",213,"15,840",246,"16,004",194,"16,163",241,"16,280",200,"16,251",238,"16,048",242,"15,923",189,"15,625",196,"14,927",201
118011346,"12,580",147,"12,564",126,"12,567",144,"12,565",93,"12,566",121,"12,570",98,"12,559",123,"12,488",98,"12,372",90,"12,261",106,"12,027",125
118011347,"7,675",93,"7,714",95,"7,795",95,"7,903",112,"7,987",101,"8,057",88,"8,081",114,"8,091",114,"8,082",96,"7,833",74,"7,486",83
118011649,"15,500",203,"15,556",182,"15,601",199,"15,627",196,"15,599",203,"15,622",183,"15,582",185,"15,465",196,"15,276",159,"15,012",151,"14,516",179
118011650,"10,438",110,"10,559",125,"10,643",137,"10,760",139,"10,866",137,"10,923",132,"10,899",121,"10,737",138,"10,588",107,"10,455",120,"10,046",144
118021564,"13,581",134,"13,949",143,"14,596",170,"15,013",121,"15,335",142,"15,711",155,"15,886",138,"15,495",131,"14,925",111,"14,271",111,"11,975",131
118021565,"14,985",190,"15,115",154,"15,668",172,"16,021",155,"16,262",172,"16,427",145,"16,487",115,"16,252",133,"15,684",126,"15,063",102,"13,775",136
118021566,"9,883",156,"10,039",140,"10,155",135,"10,252",125,"10,380",121,"10,458",112,"10,378",101,"10,280",117,"10,183",98,"10,084",99,"9,837",112
118021567,"11,487",159,"11,448",189,"11,429",179,"11,411",160,"11,382",162,"11,350",168,"11,356",168,"11,317",166,"11,283",168,"11,265",142,"11,124",157
118021568,"10,233",132,"10,365",146,"10,471",132,"10,519",134,"10,653",130,"10,817",132,"10,768",116,"10,653",139,"10,551",108,"10,355",101,"9,911",127
118021569,"17,268",320,"17,383",303,"17,530",333,"17,652",278,"17,757",299,"17,849",319,"17,791",254,"17,526",304,"17,289",264,"16,960",237,"16,293",276
118021570,"12,363",164,"12,710",219,"13,060",165,"13,398",185,"13,706",190,"13,959",192,"13,959",195,"13,751",188,"13,479",173,"13,323",141,"12,837",187
118021651,"20,059",348,"20,372",374,"20,643",401,"20,920",331,"21,154",357,"21,388",334,"21,322",311,"21,107",367,"20,799",307,"20,429",283,"19,720",307
118021652,"9,500",92,"9,848",99,"10,202",103,"10,713",82,"11,034",106,"11,454",112,"11,527",111,"11,475",112,"11,386",144,"11,109",103,"10,685",108
118021653,"12,959",139,"13,049",129,"13,061",167,"13,196",113,"13,439",155,"13,591",138,"13,638",135,"13,664",172,"13,640",145,"13,621",138,"13,469",138
118021654,"5,474",49,"5,552",63,"5,638",66,"5,712",77,"5,797",71,"5,908",60,"5,918",64,"5,906",57,"5,905",54,"5,818",44,"5,640",55
119011354,"21,047",280,"21,341",315,"21,750",347,"22,151",322,"22,477",326,"22,758",313,"23,134",330,"23,515",380,"23,822",329,"24,006",331,"23,966",341
119011355,5,3,5,0,5,0,160,3,538,12,942,22,"1,131",36,"1,250",32,"1,357",39,"1,462",28,"1,480",34
119011356,"10,705",168,"10,863",196,"11,076",206,"11,289",178,"11,515",204,"11,841",169,"12,190",198,"12,521",234,"12,707",199,"12,767",166,"12,795",225
119011358,"16,281",211,"16,388",223,"16,566",224,"16,740",191,"16,926",202,"17,105",189,"17,251",210,"17,322",218,"17,405",185,"17,359",160,"17,214",216
119011360,"15,516",208,"15,815",216,"16,100",203,"16,399",221,"16,628",198,"16,832",231,"17,102",208,"17,318",224,"17,573",267,"17,719",202,"17,710",228
119011361,"19,787",291,"20,089",300,"20,454",321,"20,849",293,"21,259",336,"21,611",304,"21,912",317,"22,241",397,"22,468",335,"22,710",353,"22,580",326
119011571,"16,249",379,"16,380",419,"16,567",396,"16,712",370,"16,859",402,"17,068",341,"17,301",344,"17,421",363,"17,462",323,"17,436",335,"17,050",309
119011572,"16,279",331,"16,314",297,"16,412",342,"16,503",291,"16,594",361,"16,658",316,"17,129",326,"17,481",322,"17,806",286,"18,209",292,"18,500",296
119011655,"13,576",206,"13,656",187,"13,898",215,"14,042",197,"14,229",212,"14,412",181,"14,568",215,"14,658",223,"14,739",216,"14,829",211,"14,698",198
119011656,"12,086",203,"12,270",208,"12,364",192,"12,545",190,"12,687",211,"12,881",172,"13,036",195,"13,280",252,"13,468",210,"13,505",211,"13,444",193
119011657,"10,439",141,"10,523",139,"10,621",140,"10,733",146,"10,835",127,"10,949",143,"11,046",119,"11,156",160,"11,315",133,"11,424",148,"11,369",137
119011658,"14,635",162,"14,832",170,"15,062",183,"15,267",170,"15,525",171,"15,709",185,"15,809",161,"15,890",200,"15,957",156,"16,000",156,"16,012",184
119021362,"19,649",287,"19,693",312,"19,746",318,"19,819",237,"19,856",284,"19,907",278,"20,166",296,"20,401",291,"20,511",291,"20,616",295,"20,405",261
119021366,"20,139",386,"20,421",370,"20,821",394,"21,240",357,"21,555",388,"21,825",403,"22,004",377,"22,023",402,"22,194",377,"22,065",312,"21,689",296
119021367,"13,601",223,"13,792",207,"13,998",213,"14,179",189,"14,340",192,"14,486",196,"14,514",167,"14,509",224,"14,697",215,"14,708",198,"14,585",192
119021573,"16,511",446,"16,882",456,"17,228",440,"17,482",370,"17,742",434,"17,883",393,"18,073",453,"18,082",455,"18,040",352,"17,736",359,"17,228",301
119021574,"10,313",275,"10,402",249,"10,505",261,"10,594",233,"10,673",256,"10,681",261,"10,800",258,"10,844",261,"10,817",255,"10,616",228,"10,207",194
119021659,"11,585",165,"11,849",189,"12,120",186,"12,311",166,"12,522",185,"12,822",195,"12,976",190,"12,848",164,"12,665",151,"12,487",131,"11,930",102
119021660,"8,460",151,"8,558",166,"8,708",153,"8,946",162,"9,135",145,"9,372",138,"9,477",145,"9,546",139,"9,606",133,"9,502",107,"9,107",92
119021661,"8,209",119,"8,515",111,"8,773",99,"9,057",102,"9,400",152,"9,757",134,"10,270",145,"10,846",199,"11,416",180,"11,919",191,"12,268",171
119021662,"17,825",189,"17,995",193,"18,202",194,"18,389",167,"18,535",199,"18,690",177,"18,648",188,"18,558",190,"18,415",178,"18,305",186,"17,988",198
119021663,"6,136",72,"6,191",104,"6,246",79,"6,295",84,"6,328",73,"6,360",69,"6,349",82,"6,340",75,"6,316",80,"6,277",74,"6,266",60
119031370,"13,374",194,"13,650",167,"13,877",184,"14,044",175,"14,178",192,"14,297",170,"14,417",174,"14,403",169,"14,331",158,"14,175",140,"13,817",154
119031371,"12,594",152,"12,705",132,"12,800",149,"12,894",140,"12,970",116,"13,026",155,"13,112",123,"13,089",145,"13,034",127,"12,855",110,"12,585",84
119031372,"18,381",174,"18,415",194,"18,525",202,"18,614",161,"18,662",175,"18,766",185,"19,365",185,"19,742",203,"19,965",218,"20,137",201,"20,261",235
119031373,"9,744",121,"9,980",149,"10,248",103,"10,601",124,"11,046",131,"11,488",157,"11,749",122,"12,010",165,"12,037",146,"11,957",133,"11,638",126
119031374,"23,870",278,"24,188",308,"24,484",294,"24,765",266,"24,963",277,"25,136",275,"25,247",242,"25,417",262,"25,632",249,"25,689",227,"25,399",247
119031664,"8,699",166,"9,141",190,"9,683",159,"10,223",180,"10,884",163,"11,507",164,"11,919",157,"12,089",193,"12,235",144,"12,289",136,"12,143",125
119031665,"12,630",155,"12,827",149,"12,930",175,"13,008",144,"13,089",139,"13,266",136,"13,347",148,"13,243",154,"12,993",110,"12,719",111,"12,123",114
119031666,"14,006",208,"14,123",191,"14,293",206,"14,465",182,"14,571",202,"14,730",185,"14,932",176,"15,076",179,"15,177",189,"15,022",161,"14,715",152
119031667,"9,286",156,"9,452",164,"9,663",142,"9,783",139,"9,954",165,"10,031",154,"10,077",151,"10,007",139,"9,886",127,"9,740",105,"9,556",138
119041377,"12,722",150,"12,820",152,"12,958",172,"13,145",146,"13,217",112,"13,299",148,"13,333",146,"13,315",152,"13,300",125,"13,237",137,"12,991",133
119041378,"10,177",189,"10,524",190,"10,891",178,"11,227",193,"11,556",195,"11,860",190,"12,226",208,"12,506",182,"12,689",198,"12,985",170,"13,117",209
119041379,"15,637",196,"15,909",252,"16,229",256,"16,480",260,"16,641",248,"16,807",258,"16,910",251,"16,861",235,"16,807",214,"16,665",179,"16,237",196
119041380,"13,909",197,"14,079",194,"14,309",171,"14,519",167,"14,708",204,"14,883",178,"14,853",173,"14,725",174,"14,613",188,"14,386",165,"13,909",154
119041381,"19,617",375,"19,953",358,"20,256",299,"20,550",345,"20,788",311,"21,121",337,"21,284",330,"21,227",330,"20,957",295,"20,679",270,"19,988",292
119041382,"15,730",229,"16,007",209,"16,184",170,"16,384",215,"16,643",195,"16,778",186,"16,908",212,"16,915",193,"16,926",212,"16,845",175,"16,669",207
119041668,"12,634",199,"13,219",195,"13,805",233,"14,412",204,"15,099",210,"15,947",245,"16,312",234,"16,403",282,"16,612",219,"16,649",230,"16,651",254
119041669,"10,017",159,"10,147",145,"10,194",145,"10,282",120,"10,344",160,"10,450",136,"10,478",127,"10,500",135,"10,476",138,"10,383",116,"10,161",155
119041670,"16,612",274,"16,791",319,"17,023",292,"17,140",271,"17,312",280,"17,466",255,"17,422",273,"17,226",230,"16,947",252,"16,536",195,"15,874",237
119041671,"3,020",61,"3,640",91,"4,311",89,"5,031",84,"5,965",81,"6,896",131,"7,917",136,"8,584",152,"9,354",174,"10,241",164,"10,861",193
120011383,"20,585",258,"20,969",252,"21,554",296,"22,040",264,"22,405",273,"22,760",252,"22,977",279,"23,318",273,"23,458",260,"23,453",235,"23,204",258
120011385,"18,517",296,"18,693",262,"18,881",274,"19,041",252,"19,166",275,"19,313",245,"19,248",238,"19,071",223,"18,958",228,"18,799",214,"18,406",256
120011386,"20,234",335,"20,540",386,"20,827",308,"21,033",282,"21,241",296,"21,456",279,"21,433",305,"21,365",332,"21,465",290,"21,338",264,"20,999",290
120011672,"13,024",185,"13,330",198,"13,497",217,"13,604",172,"13,613",182,"13,649",165,"13,684",174,"13,660",144,"13,597",146,"13,407",117,"12,927",127
120011673,"6,001",136,"7,185",157,"8,666",202,"10,490",266,"11,479",279,"12,560",263,"12,697",244,"12,513",246,"12,286",208,"12,025",176,"11,629",201
120021387,"15,743",271,"15,886",271,"16,073",297,"16,257",233,"16,408",236,"16,629",247,"16,628",213,"16,591",226,"16,425",211,"16,174",197,"15,629",212
120021389,"13,907",297,"14,031",278,"14,200",278,"14,349",274,"14,528",244,"14,670",223,"14,704",217,"14,708",249,"14,603",207,"14,376",195,"13,869",214
120021674,"9,221",186,"9,361",155,"9,501",151,"9,587",131,"9,734",143,"9,842",147,"9,875",139,"9,894",151,"9,910",112,"9,907",112,"9,516",139
120021675,"16,771",372,"16,939",316,"17,163",374,"17,413",296,"17,554",300,"17,746",266,"17,901",303,"17,932",313,"18,014",258,"17,959",217,"17,630",259
120031392,"9,910",117,"10,118",103,"10,275",121,"10,465",102,"10,667",139,"10,970",117,"11,462",132,"11,867",159,"12,086",118,"12,249",159,"12,049",156
120031393,"17,150",238,"17,365",228,"17,617",245,"17,778",212,"17,875",235,"18,000",207,"17,991",231,"18,045",222,"17,987",175,"17,780",201,"17,459",185
120031394,"16,788",271,"16,884",283,"17,005",266,"17,171",254,"17,374",207,"17,600",228,"17,762",221,"18,162",252,"18,403",219,"18,354",214,"18,049",253
120031395,"13,966",177,"13,968",176,"14,001",184,"14,048",149,"14,047",154,"14,041",129,"14,021",144,"14,000",141,"13,976",123,"13,897",126,"13,553",140
120031396,"13,251",245,"13,685",281,"14,335",281,"15,477",274,"16,198",291,"17,066",311,"18,006",298,"18,827",320,"19,948",304,"20,659",332,"21,023",331
120031576,"3,404",33,"3,464",40,"3,529",50,"3,591",35,"3,667",41,"3,743",34,"3,793",38,"3,828",39,"3,824",42,"3,752",34,"3,648",35
120031676,"12,696",225,"12,848",235,"13,055",222,"13,219",204,"13,474",214,"13,665",199,"13,663",196,"13,190",190,"12,775",173,"12,209",154,"11,508",132
120031677,"11,383",155,"11,496",178,"11,669",164,"11,730",126,"11,730",139,"11,931",121,"12,112",125,"12,255",132,"12,357",126,"12,461",109,"12,274",133
120031678,"10,951",121,"11,586",163,"12,337",163,"13,229",160,"13,732",158,"14,290",165,"14,684",139,"14,914",140,"15,327",142,"15,746",144,"16,048",127
120031679,"11,275",120,"11,393",134,"11,530",114,"11,535",110,"11,528",129,"11,516",116,"11,536",112,"11,554",104,"11,571",92,"11,426",86,"10,997",98
120031680,"15,422",165,"15,888",200,"16,247",202,"16,588",184,"17,037",206,"17,457",162,"17,659",170,"17,680",174,"17,686",158,"17,427",125,"16,583",139
120031681,"8,679",72,"8,682",83,"8,774",65,"8,830",66,"8,799",75,"8,837",65,"9,026",67,"9,156",69,"9,250",79,"9,302",56,"9,292",79
121011399,"19,218",281,"19,460",280,"19,662",276,"20,155",269,"20,981",319,"21,842",324,"22,382",336,"22,374",326,"22,394",300,"22,157",254,"21,425",318
121011401,"9,807",208,"9,994",195,"10,184",210,"10,426",169,"10,780",203,"11,128",178,"11,419",196,"11,633",202,"11,767",191,"11,981",204,"11,986",196
121011682,"9,088",144,"9,197",153,"9,291",132,"9,367",130,"9,634",131,"9,961",132,"10,055",145,"10,043",120,"10,028",125,"10,014",113,"9,469",107
121011683,"13,384",104,"13,476",119,"13,541",107,"13,655",102,"13,762",133,"13,804",101,"13,824",90,"13,802",81,"13,780",71,"13,712",82,"13,468",92
121011684,"16,568",218,"17,099",227,"17,729",226,"18,383",235,"19,211",228,"20,048",276,"20,406",239,"20,424",235,"20,539",214,"20,556",190,"19,770",173
121011685,"12,670",112,"12,786",131,"12,895",136,"13,075",107,"13,281",125,"13,520",127,"13,507",128,"13,441",118,"13,424",123,"13,326",113,"12,980",121
121011686,"12,749",196,"12,913",207,"13,067",190,"13,430",177,"13,895",194,"14,418",205,"14,968",204,"15,330",263,"15,674",239,"15,870",240,"15,931",231
121011687,"12,301",191,"12,412",172,"12,575",178,"12,651",163,"12,721",181,"12,868",193,"12,956",153,"13,072",165,"13,147",157,"13,178",129,"13,024",136
121021403,"18,471",222,"18,502",218,"18,525",210,"18,634",220,"18,741",196,"18,867",189,"19,380",227,"20,206",224,"21,026",243,"21,838",235,"22,134",257
121021404,"11,828",140,"11,869",141,"11,929",142,"11,977",125,"11,990",148,"12,011",106,"12,038",125,"12,036",132,"12,008",122,"11,963",109,"11,793",96
121021406,"18,750",218,"18,812",210,"18,897",201,"18,974",188,"19,059",200,"19,119",193,"19,196",173,"19,248",171,"19,294",169,"19,326",153,"19,199",165
121021577,"11,243",232,"11,409",241,"11,603",209,"11,765",203,"11,985",222,"12,271",238,"12,465",218,"12,538",242,"12,566",194,"12,524",193,"11,998",178
121021578,"10,482",151,"10,597",135,"10,722",134,"10,842",146,"10,944",116,"11,071",122,"11,131",122,"11,122",127,"11,125",117,"10,948",99,"10,653",78
121021579,"9,060",162,"9,091",160,"9,185",153,"9,330",154,"9,520",151,"9,899",132,"10,605",154,"11,203",165,"11,615",147,"11,883",145,"11,889",159
121031407,"19,662",126,"20,319",162,"20,979",155,"21,515",151,"21,899",175,"22,147",207,"22,576",151,"22,949",211,"23,055",151,"23,002",151,"22,592",172
121031408,"22,165",202,"22,512",175,"22,872",194,"23,218",181,"23,674",192,"24,076",203,"24,485",215,"24,970",205,"25,201",182,"25,157",196,"24,754",201
121031409,"16,460",131,"16,566",151,"16,688",131,"16,795",118,"16,902",125,"17,013",155,"17,168",118,"17,275",143,"17,518",116,"17,517",109,"17,262",124
121031410,"19,715",128,"19,917",139,"20,216",175,"20,507",149,"20,875",162,"21,193",174,"21,660",179,"21,857",189,"21,971",135,"22,013",128,"21,773",154
121031411,"18,777",139,"19,091",146,"19,416",141,"19,712",148,"19,808",143,"19,938",142,"20,035",136,"20,207",160,"20,302",163,"20,437",139,"20,321",122
121031412,"18,123",132,"18,222",136,"18,309",137,"18,396",115,"18,463",134,"18,436",151,"18,446",118,"18,454",135,"18,449",117,"18,388",122,"18,244",113
121041413,"19,244",331,"19,410",305,"19,588",308,"19,755",355,"19,918",291,"20,085",333,"20,107",301,"19,974",318,"19,786",265,"19,494",270,"18,989",289
121041414,"17,754",306,"17,999",328,"18,237",279,"18,565",317,"18,882",329,"19,086",366,"19,135",334,"19,047",352,"18,911",296,"18,628",282,"18,036",306
121041416,"18,035",276,"18,198",284,"18,446",280,"18,691",260,"18,913",279,"19,156",280,"19,092",234,"18,817",265,"18,457",236,"17,982",215,"17,341",225
121041417,"10,249",139,"10,475",134,"10,711",148,"10,944",160,"11,160",145,"11,369",150,"11,750",152,"12,143",170,"12,499",167,"12,712",141,"12,578",149
121041688,"14,156",178,"14,249",169,"14,373",193,"14,483",151,"14,600",147,"14,718",183,"14,659",142,"14,660",179,"14,546",136,"14,333",150,"13,820",132
121041689,"15,195",186,"15,232",179,"15,268",162,"15,363",167,"15,445",173,"15,542",149,"15,624",168,"15,578",174,"15,432",151,"15,158",155,"14,641",145
122011418,"20,309",273,"20,514",252,"20,674",251,"20,821",230,"20,966",268,"21,140",249,"21,236",224,"21,259",226,"21,165",215,"21,068",182,"20,853",217
122011419,"22,509",413,"22,675",424,"22,992",431,"23,174",381,"23,403",416,"23,655",399,"23,724",349,"23,685",383,"23,662",344,"23,489",341,"22,728",397
122021420,"13,002",139,"12,995",120,"13,004",119,"13,010",111,"12,990",109,"12,978",96,"13,021",111,"13,054",107,"13,077",93,"13,083",89,"13,078",95
122021421,"10,841",102,"10,901",82,"10,973",98,"11,040",60,"11,096",90,"11,157",88,"11,230",89,"11,299",95,"11,343",80,"11,322",87,"11,257",78
122021422,"13,698",164,"13,735",152,"13,792",127,"13,843",124,"13,881",162,"13,916",132,"13,934",111,"13,944",139,"13,944",113,"13,879",121,"13,699",139
122021690,"13,656",161,"13,745",172,"13,888",149,"13,944",145,"14,168",124,"14,329",136,"14,492",146,"14,594",143,"14,686",128,"14,708",122,"14,627",150
122021691,"9,258",151,"9,519",136,"9,845",151,"10,161",140,"10,522",144,"10,924",136,"10,995",140,"10,966",146,"10,920",146,"10,909",122,"10,896",135
122031424,"13,653",149,"13,788",142,"13,942",170,"14,108",155,"14,282",157,"14,472",142,"14,607",150,"14,672",166,"14,764",156,"14,728",145,"14,549",142
122031425,"7,525",76,"7,568",71,"7,622",79,"7,675",89,"7,732",83,"7,791",75,"7,891",78,"7,973",77,"8,019",69,"8,050",85,"8,052",94
122031427,"12,868",128,"12,942",119,"13,031",102,"13,107",77,"13,179",109,"13,253",92,"13,307",99,"13,331",105,"13,317",94,"13,267",104,"13,159",102
122031429,"20,530",397,"20,812",401,"21,139",389,"21,431",396,"21,832",390,"22,169",356,"22,375",329,"22,514",415,"22,550",342,"22,398",348,"22,009",361
122031430,"16,677",232,"16,849",241,"17,038",250,"17,241",236,"17,460",207,"17,688",238,"17,815",207,"17,872",241,"17,862",155,"17,814",180,"17,616",220
122031432,"3,699",36,"3,716",32,"3,736",27,"3,751",34,"3,767",35,"3,786",29,"3,805",31,"3,807",25,"3,852",36,"3,831",25,"3,798",29
122031692,"8,810",88,"8,831",74,"8,852",78,"8,926",52,"8,946",77,"8,976",65,"8,979",50,"8,939",65,"8,909",70,"8,796",44,"8,668",64
122031693,"13,298",186,"13,490",199,"13,735",201,"13,927",183,"14,164",185,"14,383",167,"14,517",181,"14,468",183,"14,347",164,"14,231",162,"13,982",194
122031694,"8,676",135,"8,794",153,"8,928",135,"9,038",124,"9,132",122,"9,291",115,"9,323",128,"9,336",124,"9,354",92,"9,366",104,"9,148",130
122031695,"15,451",273,"15,717",328,"16,006",323,"16,436",297,"16,727",320,"16,969",317,"17,332",336,"17,582",322,"17,935",318,"18,009",285,"17,914",345
122031696,"16,596",184,"16,708",146,"16,847",167,"16,920",148,"17,043",153,"17,131",167,"17,230",153,"17,292",144,"17,312",145,"17,309",137,"17,198",139
122031697,"10,640",157,"10,816",154,"10,976",162,"11,170",166,"11,303",157,"11,460",174,"11,526",137,"11,512",142,"11,524",132,"11,398",142,"11,250",152
123011433,"12,531",162,"12,758",153,"13,004",146,"13,179",151,"13,209",154,"13,273",152,"13,389",151,"13,431",163,"13,418",154,"13,378",135,"13,335",144
123011698,"5,169",100,"5,217",109,"5,229",105,"5,370",84,"5,472",104,"5,512",94,"5,699",90,"5,847",111,"6,025",110,"6,283",104,"6,492",148
123011699,"8,754",106,"8,921",134,"9,114",148,"9,370",141,"10,083",139,"10,757",152,"11,621",176,"12,492",239,"13,213",241,"13,643",194,"14,080",209
123011700,"7,865",99,"8,307",96,"8,791",102,"9,369",110,"9,988",133,"10,781",141,"11,061",121,"11,146",156,"11,246",118,"11,276",120,"11,279",128
123011701,"18,261",309,"18,300",270,"18,414",292,"19,003",271,"19,422",336,"19,551",285,"19,552",254,"19,594",306,"19,563",233,"19,162",254,"19,146",279
123011702,"1,204",39,"1,756",45,"2,376",66,"2,964",83,"3,622",93,"4,266",120,"5,241",144,"6,251",204,"7,425",218,"8,756",230,"9,592",299
123021436,"19,795",384,"19,697",329,"19,505",314,"19,427",270,"19,450",353,"19,523",304,"19,715",338,"19,926",404,"20,122",344,"20,234",353,"20,199",330
123021437,"16,241",262,"16,606",265,"17,121",257,"17,620",223,"18,113",261,"18,741",237,"19,504",268,"20,307",349,"20,886",315,"21,667",348,"22,262",325
123021438,"21,780",382,"21,552",334,"21,290",351,"21,108",262,"20,998",332,"20,924",293,"20,895",253,"20,921",368,"20,884",297,"20,741",300,"20,389",303
123021439,0,0,0,0,0,0,0,0,0,0,0,0,3,0,3,0,3,0,3,0,3,0
123021441,"16,518",235,"16,560",226,"16,631",245,"16,696",211,"16,748",210,"16,962",254,"16,978",246,"16,949",260,"16,911",237,"16,873",252,"16,805",253
123021443,"18,197",300,"18,487",273,"18,818",274,"19,328",290,"19,888",336,"20,502",286,"21,093",307,"21,640",370,"21,967",308,"21,823",330,"21,520",262
123021444,"20,937",284,"21,012",308,"21,089",320,"21,144",257,"21,255",311,"21,362",285,"21,378",272,"21,392",328,"21,378",308,"21,348",279,"21,298",258
123021703,"1,652",15,"2,020",19,"2,426",26,"2,829",24,"3,230",40,"3,649",53,"5,214",91,"6,975",143,"9,137",193,"12,011",267,"14,958",353
123021704,"7,814",127,"8,174",131,"8,731",129,"9,113",163,"9,536",160,"9,937",145,"10,141",166,"10,330",171,"10,543",187,"10,699",175,"10,591",146
123021705,"15,609",237,"15,660",251,"15,872",242,"16,119",219,"16,478",238,"17,001",229,"17,086",248,"17,138",263,"17,105",271,"16,967",231,"16,777",198
123021706,"13,877",238,"13,915",210,"14,122",215,"14,209",194,"14,225",213,"14,337",196,"14,422",193,"14,443",212,"14,435",217,"14,364",185,"14,260",224
123031445,"5,564",79,"5,573",57,"5,639",65,"5,690",80,"5,776",84,"5,834",76,"5,878",58,"5,947",86,"5,997",68,"5,997",65,"5,968",71
123031446,"7,331",76,"7,728",79,"8,174",91,"8,671",100,"9,236",124,"9,927",115,"10,304",177,"10,668",185,"10,889",163,"11,042",160,"11,142",157
123031447,"15,818",206,"16,045",217,"16,181",216,"16,504",181,"16,812",199,"17,216",188,"17,547",222,"17,869",265,"18,195",257,"18,630",247,"19,069",302
123031448,"8,833",84,"8,953",104,"9,100",109,"9,140",91,"9,225",98,"9,314",82,"9,487",84,"9,671",124,"9,767",115,"9,806",99,"9,834",130
124011449,"5,638",47,"5,672",55,"5,698",63,"5,728",60,"5,725",55,"5,745",48,"5,752",50,"5,764",42,"5,774",31,"5,780",40,"5,761",39
124011450,"19,110",238,"19,126",202,"19,221",219,"19,292",179,"19,378",202,"19,448",216,"19,436",208,"19,403",220,"19,332",201,"19,247",223,"19,041",184
124011451,27,0,24,0,21,0,19,0,16,0,13,0,12,0,11,0,11,0,10,0,9,0
124011452,"13,451",139,"13,449",130,"13,490",132,"13,641",114,"13,668",124,"13,563",102,"13,591",102,"13,609",108,"13,588",109,"13,557",87,"13,373",93
124011453,"11,380",149,"11,437",150,"11,495",130,"11,532",107,"11,519",109,"11,514",126,"11,526",114,"11,530",124,"11,524",111,"11,516",106,"11,480",118
124011454,"22,531",259,"22,428",222,"22,363",249,"22,242",195,"22,181",223,"22,144",209,"22,168",213,"22,168",234,"22,147",229,"22,151",211,"22,087",214
124011455,"6,165",47,"6,168",50,"6,198",69,"6,196",57,"6,188",46,"6,195",57,"6,271",49,"6,352",47,"6,410",60,"6,454",58,"6,436",58
124021456,7,0,6,0,6,0,5,0,5,0,4,0,5,0,5,0,6,0,6,0,7,0
124031457,"15,578",260,"15,637",289,"15,719",238,"15,782",237,"15,880",248,"16,025",232,"16,110",216,"16,159",246,"16,170",240,"16,164",229,"16,115",242
124031459,"14,337",189,"14,379",181,"14,479",209,"14,530",165,"14,534",184,"14,572",171,"14,490",145,"14,372",165,"14,244",159,"14,115",136,"13,950",164
124031460,"21,575",339,"21,600",307,"21,632",302,"21,675",274,"21,710",297,"21,742",303,"21,713",254,"21,648",323,"21,545",295,"21,388",265,"21,162",280
124031461,"17,438",291,"17,468",255,"17,523",286,"17,601",255,"17,675",258,"17,738",238,"17,702",224,"17,598",219,"17,525",242,"17,469",254,"17,405",243
124031462,"17,697",327,"17,972",315,"18,249",331,"18,743",304,"19,389",381,"20,044",374,"20,898",355,"21,919",426,"23,077",388,"24,015",411,"24,882",470
124031463,"6,653",65,"7,251",67,"7,969",86,"8,593",91,"9,257",146,"9,839",145,"10,288",157,"10,929",189,"11,356",184,"11,734",178,"12,088",199
124031464,"12,232",163,"12,418",191,"12,695",191,"13,026",164,"13,317",187,"13,784",210,"14,610",210,"15,338",243,"16,196",248,"17,192",248,"18,139",249
124031465,"5,206",72,"5,243",84,"5,301",63,"5,351",53,"5,391",54,"5,337",54,"5,469",67,"5,555",95,"5,720",81,"5,877",95,"6,053",98
124031707,"16,331",271,"16,499",283,"16,703",285,"16,994",262,"17,238",318,"17,389",281,"17,458",263,"17,480",306,"17,333",289,"17,206",282,"17,140",261
124031708,"1,655",25,"2,532",17,"3,512",39,"4,365",81,"5,715",103,"6,975",160,"8,256",209,"9,659",255,"11,210",290,"12,400",303,"13,481",332
124041466,"13,875",205,"13,946",202,"14,070",180,"14,103",177,"14,138",175,"14,204",171,"14,345",168,"14,576",182,"14,751",180,"15,014",173,"15,303",246
124041467,"15,978",288,"15,926",274,"15,896",259,"15,858",248,"15,797",241,"15,743",219,"15,717",230,"15,641",266,"15,560",237,"15,507",245,"15,390",253
124041468,"7,090",74,"7,186",73,"7,289",96,"7,398",59,"7,506",70,"7,606",76,"7,618",78,"7,625",78,"7,618",66,"7,615",80,"7,564",63
124051469,"6,896",102,"6,847",73,"6,820",77,"6,780",73,"6,732",82,"6,669",62,"6,663",84,"6,669",79,"6,631",82,"6,596",78,"6,522",83
124051470,"20,532",303,"20,507",291,"20,519",290,"20,523",278,"20,528",309,"20,548",261,"20,497",266,"20,422",303,"20,368",280,"20,236",289,"20,060",282
124051580,"11,320",216,"11,450",185,"11,602",203,"11,707",153,"11,803",204,"11,927",195,"12,117",209,"12,329",226,"12,537",236,"12,834",211,"13,089",240
124051581,"15,160",259,"15,385",266,"15,649",302,"15,895",256,"16,203",292,"16,497",274,"16,782",299,"17,053",339,"17,276",342,"17,398",240,"17,464",302
125011475,7,0,6,0,5,0,5,0,4,0,3,0,3,0,4,0,4,0,5,0,5,0
125011582,"16,526",380,"16,790",412,"17,131",419,"17,458",357,"17,782",396,"18,124",378,"18,857",350,"19,384",373,"20,088",341,"20,165",287,"19,663",313
125011583,"10,517",266,"10,807",301,"11,109",250,"11,405",265,"11,685",249,"11,981",232,"12,130",236,"12,132",248,"12,120",201,"11,643",189,"10,708",162
125011584,"7,991",172,"8,157",162,"8,332",186,"8,493",168,"8,653",186,"8,827",157,"9,048",184,"9,184",182,"9,273",170,"9,191",155,"8,903",147
125011585,"8,880",156,"8,928",158,"8,982",151,"9,034",142,"9,138",154,"9,280",154,"9,282",170,"9,218",161,"9,096",123,"8,921",117,"8,647",110
125011586,"17,583",312,"18,230",320,"18,845",334,"19,467",308,"20,178",311,"20,904",282,"21,093",291,"21,248",280,"21,359",246,"21,389",235,"21,334",226
125011587,"5,133",83,"5,152",80,"5,173",85,"5,197",65,"5,213",98,"5,241",85,"5,290",58,"5,348",111,"5,356",60,"5,296",78,"5,162",68
125011709,"8,902",157,"8,918",160,"9,348",151,"9,489",138,"9,753",132,"10,416",164,"10,496",119,"10,417",136,"10,176",97,"9,903",98,"9,336",91
125011710,"2,963",64,"4,065",81,"5,277",97,"6,348",159,"7,649",158,"9,160",205,"11,361",262,"13,727",300,"16,407",346,"18,545",367,"20,653",446
125021477,"19,881",281,"20,278",307,"20,716",328,"21,195",254,"21,618",336,"22,036",318,"22,982",332,"23,582",362,"24,012",319,"24,453",326,"24,809",311
125021478,"16,494",215,"16,888",227,"17,313",234,"17,619",203,"17,992",251,"18,454",259,"18,692",250,"18,973",232,"19,150",233,"18,983",179,"18,557",186
125021711,"9,919",77,"10,129",69,"10,372",74,"10,682",56,"11,052",79,"11,472",98,"11,679",97,"11,741",110,"11,764",96,"11,771",61,"11,656",98
125021712,"15,864",157,"15,966",163,"16,044",184,"16,228",174,"16,624",202,"16,922",181,"17,549",162,"18,262",200,"19,068",192,"19,387",170,"19,297",177
125031479,"17,302",266,"17,630",254,"17,984",278,"18,283",230,"18,706",270,"19,196",245,"19,694",282,"20,112",322,"20,487",286,"20,792",277,"20,925",309
125031480,"14,907",235,"15,189",236,"15,430",214,"15,636",243,"15,821",236,"16,049",218,"16,240",238,"16,327",287,"16,430",238,"16,198",240,"15,794",221
125031481,"19,294",415,"19,810",403,"20,360",403,"20,843",420,"21,331",424,"21,841",414,"22,444",417,"22,987",437,"23,369",389,"23,523",430,"23,433",361
125031483,"19,144",464,"19,706",427,"20,396",422,"21,053",408,"21,558",447,"22,073",453,"22,398",428,"22,693",502,"22,967",489,"22,939",438,"22,556",467
125031484,"19,822",428,"20,096",398,"20,442",413,"20,812",396,"21,173",397,"21,525",398,"22,096",393,"22,516",445,"23,025",431,"23,237",400,"23,124",390
125031486,23,3,20,0,18,0,16,0,14,3,11,0,11,0,12,0,12,0,13,0,13,0
125031487,15,0,15,0,14,0,15,0,14,0,14,0,14,3,14,0,13,0,13,0,13,0
125031713,"16,141",250,"16,326",219,"16,564",239,"16,677",209,"16,706",241,"16,734",194,"16,776",248,"16,810",252,"16,859",235,"16,825",205,"16,648",258
125031714,"20,822",414,"21,082",422,"21,510",456,"21,872",425,"22,279",439,"22,645",410,"23,158",451,"23,565",456,"23,890",487,"24,135",443,"24,007",421
125031715,"8,368",146,"8,932",167,"9,431",204,"9,840",205,"10,188",175,"10,556",176,"10,806",150,"10,933",150,"10,988",145,"10,973",131,"10,907",135
125031716,"6,386",127,"6,502",104,"6,556",115,"6,667",108,"6,851",121,"7,094",109,"7,200",114,"7,246",130,"7,299",132,"7,327",103,"7,334",118
125041489,"21,234",375,"21,607",430,"22,042",441,"22,446",380,"22,678",435,"23,072",385,"23,596",368,"23,945",426,"24,215",367,"23,965",398,"23,070",383
125041490,"8,016",98,"8,028",74,"8,061",88,"8,091",79,"8,121",86,"8,179",98,"8,253",84,"8,284",90,"8,384",65,"8,451",59,"8,466",70
125041491,"18,141",404,"18,679",437,"19,332",433,"20,106",391,"20,622",466,"21,105",440,"21,785",497,"21,863",447,"21,814",425,"21,407",382,"20,423",357
125041493,"21,532",339,"21,701",313,"21,896",311,"22,087",320,"22,335",313,"22,570",294,"22,890",290,"23,084",299,"23,260",289,"23,189",280,"23,004",264
125041494,"10,774",178,"10,819",155,"10,896",152,"10,958",146,"10,997",142,"11,044",131,"11,114",131,"11,170",161,"11,215",122,"11,243",132,"11,199",125
125041588,"12,023",216,"12,246",227,"12,611",204,"12,845",213,"13,018",206,"13,289",213,"13,681",199,"13,902",182,"14,082",188,"14,180",179,"13,989",163
125041589,"15,143",289,"15,347",324,"15,579",326,"15,764",264,"15,967",274,"16,180",273,"17,439",289,"18,734",331,"20,380",342,"21,280",358,"21,754",411
125041717,"6,488",164,"6,898",139,"7,390",168,"7,969",183,"8,555",175,"8,982",184,"10,224",204,"11,379",238,"11,862",235,"12,276",202,"12,203",249
125041718,"9,445",236,"9,653",235,"10,066",232,"10,716",259,"11,142",264,"11,451",281,"11,646",271,"11,381",245,"11,073",214,"10,725",146,"9,960",159
125041719,"8,206",196,"8,479",208,"8,959",224,"9,522",224,"9,920",202,"10,047",212,"10,205",208,"10,196",231,"10,102",189,"9,822",161,"9,120",171
126011496,"20,261",180,"20,388",185,"20,528",177,"20,726",193,"20,946",186,"21,175",177,"21,476",160,"21,761",184,"21,959",172,"21,992",143,"21,813",175
126011720,"10,850",85,"10,854",106,"10,907",116,"10,904",98,"11,050",96,"11,222",98,"11,507",97,"12,599",93,"13,672",127,"14,289",121,"14,455",137
126011721,"13,838",130,"14,359",138,"14,950",151,"15,570",163,"16,262",162,"16,904",149,"17,507",187,"18,322",179,"18,675",174,"18,789",181,"18,757",173
126021498,"14,122",179,"14,250",213,"14,430",188,"14,625",173,"14,803",175,"15,001",171,"15,141",146,"15,324",187,"15,468",169,"15,498",180,"15,486",194
126021499,"10,306",94,"10,429",93,"10,566",95,"10,681",80,"10,765",93,"10,855",80,"10,827",97,"10,628",86,"10,386",60,"10,152",74,"9,867",81
126021500,"19,601",267,"20,224",269,"20,867",345,"21,439",277,"22,052",277,"22,689",317,"23,111",273,"23,456",311,"23,969",263,"24,194",263,"24,037",305
126021501,"12,517",131,"12,566",138,"12,600",149,"12,643",128,"12,688",145,"12,758",109,"13,216",123,"13,675",157,"14,895",195,"15,386",189,"15,666",174
126021503,"17,977",295,"18,334",316,"18,636",303,"19,084",291,"19,645",319,"20,262",337,"20,584",332,"20,698",330,"20,794",283,"20,743",263,"20,205",282
126021590,"4,351",54,"4,335",45,"4,323",44,"4,306",29,"4,289",30,"4,272",33,"4,272",34,"4,258",35,"4,248",38,"4,230",27,"4,161",35
126021722,"6,962",72,"7,055",81,"7,134",84,"7,187",68,"7,226",61,"7,249",60,"7,247",68,"7,241",62,"7,232",61,"7,155",59,"6,989",55
126021723,"17,355",165,"17,823",216,"18,144",204,"18,413",197,"18,668",187,"18,952",200,"19,169",170,"19,293",165,"19,420",179,"19,466",156,"19,056",176
126021724,"18,047",243,"18,554",223,"19,087",244,"19,554",256,"20,243",289,"20,942",294,"21,288",248,"21,291",266,"21,284",225,"20,931",201,"20,385",209
126021725,"5,163",61,"5,602",79,"6,073",111,"6,529",77,"6,956",93,"7,367",127,"8,288",112,"9,386",180,"10,729",235,"11,613",219,"12,045",240
127011504,"17,167",316,"17,299",300,"17,452",338,"17,622",258,"17,769",337,"17,919",275,"18,064",302,"18,157",365,"18,194",318,"18,167",300,"18,088",283
127011505,"9,299",119,"9,297",118,"9,301",130,"9,299",98,"9,258",104,"9,210",99,"9,408",109,"9,588",96,"9,837",117,"10,885",191,"12,554",237
127011592,298,5,254,6,208,6,163,3,113,4,62,0,44,3,31,0,29,0,26,0,23,3
127011593,"7,203",92,"7,216",84,"7,237",64,"7,250",62,"7,262",65,"7,268",75,"7,250",44,"7,205",72,"7,148",55,"7,026",51,"6,928",44
127011594,"12,973",193,"12,972",155,"12,985",163,"12,991",159,"12,989",164,"12,993",153,"13,045",162,"13,067",195,"13,065",176,"13,026",165,"12,953",154
127011595,"9,982",132,"10,282",150,"10,602",152,"11,131",122,"12,015",180,"12,735",176,"13,086",210,"13,234",221,"13,341",182,"13,284",169,"13,063",172
127011596,"9,330",166,"9,641",173,"10,134",193,"10,750",151,"11,395",200,"12,009",172,"12,448",179,"12,782",197,"13,028",170,"13,227",177,"13,299",162
127011597,"10,781",189,"11,667",200,"12,549",217,"13,677",227,"14,747",292,"15,810",286,"16,456",258,"16,794",348,"17,038",253,"17,132",230,"17,244",253
127011726,"1,577",18,"1,646",14,"1,736",17,"1,839",20,"2,120",28,"2,668",31,"3,211",34,"3,776",53,"4,158",72,"4,497",74,"4,774",103
127011727,38,0,508,5,"1,017",27,"2,023",50,"3,321",84,"4,936",143,"6,722",161,"8,450",278,"10,341",289,"12,293",339,"14,401",424
127011728,"4,807",48,"4,845",40,"4,884",54,"4,904",43,"5,039",53,"5,934",65,"7,174",89,"8,345",135,"9,826",171,"11,127",219,"12,593",294
127011729,204,0,863,10,"1,605",35,"2,761",49,"4,004",77,"4,890",115,"6,996",162,"9,108",298,"12,180",348,"14,828",389,"17,759",461
127021509,"15,943",204,"16,033",192,"16,191",208,"16,332",165,"16,456",197,"16,558",169,"16,817",178,"17,030",162,"17,179",190,"17,258",160,"17,195",145
127021510,"19,177",238,"19,200",196,"19,288",208,"19,344",190,"19,395",154,"19,498",189,"19,776",200,"19,892",239,"19,976",185,"19,955",175,"19,741",190
127021511,"24,605",330,"24,816",385,"25,026",381,"25,197",299,"25,335",355,"25,492",310,"25,513",290,"25,437",282,"25,250",293,"24,882",260,"24,205",228
127021512,"16,484",208,"16,727",257,"17,000",230,"17,250",208,"17,486",250,"17,713",225,"18,027",199,"18,325",275,"18,506",230,"18,439",197,"18,295",193
127021513,"20,433",289,"20,627",308,"20,873",297,"21,071",267,"21,240",268,"21,458",287,"21,975",281,"22,314",278,"22,514",263,"22,515",218,"22,365",211
127021514,"9,964",110,"9,985",104,"10,053",117,"10,099",110,"10,129",107,"10,198",100,"10,367",101,"10,435",134,"10,511",103,"10,434",101,"10,291",107
127021515,"17,662",303,"17,817",321,"18,007",331,"18,104",257,"18,215",296,"18,435",231,"18,717",254,"18,993",250,"19,089",242,"18,855",188,"18,285",198
127021516,"18,146",254,"18,427",271,"18,717",252,"18,941",234,"19,320",262,"19,801",267,"20,418",260,"20,843",311,"21,233",293,"21,386",257,"21,305",219
127021517,"8,104",100,"8,163",100,"8,249",88,"8,369",77,"8,484",96,"8,636",71,"8,773",100,"8,851",90,"8,907",73,"8,903",75,"8,870",70
127021518,"4,560",42,"4,588",41,"4,617",40,"4,632",39,"4,639",39,"4,650",36,"4,632",52,"4,595",56,"4,545",47,"4,462",39,"4,348",44
127021519,"17,698",236,"17,789",223,"17,949",225,"18,129",218,"18,316",230,"18,591",254,"19,081",233,"19,388",261,"19,645",218,"19,720",230,"19,548",219
127021520,"11,157",134,"11,146",116,"11,148",125,"11,154",110,"11,159",108,"11,175",119,"11,224",101,"11,262",112,"11,267",102,"11,248",96,"11,202",95
127021521,27,5,29,5,31,0,32,0,34,0,36,0,37,0,37,3,38,0,38,0,39,0
127031522,"15,311",251,"15,494",226,"15,716",228,"15,897",224,"16,062",228,"16,255",237,"16,393",241,"16,523",262,"16,599",265,"16,639",231,"16,619",219
127031523,"16,209",228,"16,865",264,"17,548",251,"18,235",253,"18,826",298,"19,420",316,"19,815",296,"20,250",330,"20,633",303,"20,836",301,"20,893",310
127031524,"20,408",333,"20,442",318,"20,512",351,"20,676",279,"20,944",322,"21,348",313,"21,486",282,"21,592",331,"21,636",264,"21,528",275,"21,296",295
127031599,"11,310",180,"11,395",218,"11,539",227,"11,643",204,"11,821",189,"12,031",203,"12,261",211,"12,459",237,"12,640",208,"12,707",183,"12,737",187
127031601,"4,815",109,"5,064",77,"5,305",95,"5,534",96,"5,829",98,"6,052",123,"6,266",129,"6,374",142,"6,302",128,"6,222",112,"5,962",94
127031730,440,5,817,6,"1,203",11,"1,579",16,"1,972",34,"2,357",51,"3,872",85,"5,770",171,"7,882",170,"9,721",219,"12,125",250
127031731,"12,579",278,"12,943",259,"13,382",298,"13,714",279,"14,279",286,"14,830",266,"15,395",317,"15,995",357,"16,669",371,"17,517",348,"17,657",378
127031732,"13,002",217,"13,080",230,"13,196",244,"13,221",201,"13,359",217,"13,693",223,"13,823",228,"13,953",234,"14,023",214,"14,024",213,"13,763",190
127031733,"15,025",266,"15,132",251,"15,291",226,"15,355",248,"15,521",211,"15,874",201,"15,982",195,"15,999",214,"15,996",188,"15,869",177,"15,732",172
128011529,"17,475",199,"17,607",217,"17,749",236,"17,868",188,"17,976",236,"18,080",203,"18,115",177,"18,145",192,"18,173",230,"18,186",184,"18,183",197
128011530,"18,429",232,"18,499",244,"18,622",240,"18,725",247,"18,817",266,"18,905",220,"19,155",216,"19,402",257,"19,745",220,"20,181",261,"20,769",273
128011531,"15,889",169,"16,101",182,"16,331",185,"16,494",160,"16,636",172,"16,756",169,"16,695",136,"16,632",177,"16,576",158,"16,503",131,"16,460",163
128011602,"11,445",194,"11,570",203,"11,744",210,"11,909",186,"12,066",191,"12,222",189,"12,334",184,"12,480",235,"12,676",186,"12,844",197,"12,882",202
128011603,"12,147",124,"12,214",139,"12,290",141,"12,358",129,"12,423",125,"12,484",123,"12,558",109,"12,665",154,"12,818",138,"12,922",130,"13,028",159
128011604,"22,944",311,"23,105",323,"23,398",311,"23,846",304,"24,353",322,"24,746",341,"24,730",289,"24,697",360,"24,655",321,"24,617",280,"24,533",322
128011605,"3,223",19,"3,216",23,"3,223",22,"3,228",22,"3,242",25,"3,263",28,"3,293",31,"3,324",26,"3,344",32,"3,362",24,"3,371",29
128011606,"7,956",88,"7,972",80,"7,992",95,"8,009",78,"8,021",70,"8,038",75,"8,207",80,"8,350",97,"8,483",90,"8,731",93,"8,968",96
128021533,"6,684",93,"6,680",90,"6,686",73,"6,689",66,"6,686",70,"6,681",77,"6,695",81,"6,720",79,"6,737",67,"6,714",64,"6,680",79
128021534,"11,232",85,"11,161",90,"11,100",96,"11,042",92,"10,960",88,"10,859",86,"10,798",99,"10,702",115,"10,649",96,"10,617",94,"10,569",84
128021535,"21,820",243,"21,792",213,"21,794",239,"21,782",202,"21,762",232,"21,765",195,"21,698",199,"21,543",239,"21,403",201,"21,237",191,"21,009",226
128021536,"21,484",306,"21,529",267,"21,590",272,"21,664",263,"21,752",246,"21,839",251,"21,955",258,"22,069",261,"22,146",222,"22,165",219,"22,151",247
128021537,18,3,20,0,22,3,24,0,26,0,28,0,31,0,35,0,38,0,42,0,45,0
128021538,"20,159",367,"20,443",340,"20,718",364,"20,997",329,"21,251",336,"21,548",310,"21,832",311,"22,090",365,"22,361",322,"22,819",289,"23,369",359
128021607,"17,233",261,"17,262",283,"17,302",246,"17,341",214,"17,368",231,"17,422",216,"17,419",204,"17,421",217,"17,418",196,"17,406",185,"17,379",239
128021608,"7,489",95,"7,479",82,"7,478",81,"7,472",96,"7,461",90,"7,451",84,"7,442",90,"7,431",93,"7,412",82,"7,388",77,"7,354",104
128021609,"4,010",26,"3,962",24,"3,905",20,"3,868",31,"3,818",29,"3,764",31,"3,715",31,"3,657",28,"3,613",36,"3,571",30,"3,551",24
101021007,"3,458",35,"3,590",34,"3,685",34,"3,762",31,"3,849",50,"3,950",32,"4,039",44,"4,140",36,"4,211",34,"4,273",33,"4,330",44
101021008,"9,092",106,"9,012",103,"8,848",113,"8,731",121,"8,603",116,"8,531",101,"8,526",122,"8,507",119,"8,488",117,"8,519",117,"8,546",118
101021009,"10,715",156,"10,870",168,"11,050",178,"11,199",178,"11,213",198,"11,230",165,"11,355",190,"11,447",190,"11,450",177,"11,437",155,"11,370",170
101021010,"4,951",93,"4,971",73,"4,983",95,"4,967",73,"4,961",93,"4,970",71,"5,013",88,"5,072",87,"5,117",80,"5,077",77,"5,093",84
101021012,"13,223",207,"13,204",193,"13,210",187,"13,193",149,"13,164",188,"13,150",151,"13,083",159,"13,008",175,"12,935",139,"12,796",154,"12,743",168
101021610,51,0,54,0,64,0,368,0,937,17,"1,613",52,"2,589",81,"3,453",125,"4,484",136,"5,448",138,"6,245",180
101021611,"14,561",159,"14,937",146,"15,345",158,"15,592",157,"15,681",146,"15,678",136,"15,766",152,"15,919",167,"16,048",159,"16,267",174,"16,523",179
101031013,"2,484",30,"2,462",32,"2,451",29,"2,437",23,"2,428",36,"2,420",20,"2,424",25,"2,431",25,"2,445",24,"2,454",22,"2,449",21
101031014,"6,935",82,"6,931",68,"6,924",64,"6,914",61,"6,887",78,"6,870",71,"6,866",88,"6,873",85,"6,865",95,"6,829",71,"6,760",70
101031015,"3,271",27,"3,282",26,"3,294",26,"3,305",22,"3,314",24,"3,327",17,"3,333",37,"3,349",26,"3,372",36,"3,415",30,"3,460",24
101031016,"6,905",59,"6,932",63,"6,963",80,"6,987",64,"7,020",56,"7,071",44,"7,227",50,"7,389",60,"7,560",54,"7,769",59,"8,044",61
101041017,"7,772",77,"7,771",74,"7,776",82,"7,800",67,"7,829",81,"7,871",75,"8,000",70,"8,135",81,"8,276",70,"8,470",67,"8,587",67
101041018,"8,580",75,"8,559",80,"8,546",75,"8,532",67,"8,519",65,"8,510",66,"8,563",74,"8,611",86,"8,666",65,"8,757",66,"8,905",81
101041019,"8,353",94,"8,395",81,"8,448",87,"8,500",83,"8,540",91,"8,593",81,"8,647",80,"8,684",99,"8,742",77,"8,805",93,"8,846",87
101041020,"9,073",85,"9,039",66,"9,014",72,"8,996",71,"8,971",74,"8,952",59,"9,042",76,"9,141",87,"9,228",79,"9,360",86,"9,527",81
101041021,"2,900",25,"2,972",21,"3,067",20,"3,165",17,"3,275",26,"3,341",21,"3,409",23,"3,489",23,"3,580",21,"3,679",21,"3,771",36
101041022,61,0,55,0,46,0,40,0,32,0,25,0,28,0,31,0,35,0,38,0,41,0
101041023,"3,321",50,"3,320",39,"3,316",37,"3,310",32,"3,303",32,"3,298",29,"3,306",44,"3,309",45,"3,328",28,"3,358",34,"3,409",31
101041024,"3,328",25,"3,310",24,"3,318",20,"3,340",29,"3,356",31,"3,379",27,"3,378",23,"3,391",21,"3,400",31,"3,457",25,"3,522",36
101041025,"10,152",83,"10,317",78,"10,429",86,"10,532",71,"10,667",71,"10,846",80,"10,981",74,"11,140",90,"11,258",91,"11,358",76,"11,425",75
101041026,"7,885",78,"7,863",72,"7,874",57,"7,933",49,"8,018",60,"8,070",48,"8,158",75,"8,251",69,"8,353",62,"8,451",63,"8,556",76
101041027,"8,982",71,"9,008",81,"9,037",53,"9,065",43,"9,101",63,"9,134",57,"9,281",68,"9,409",79,"9,527",70,"9,663",79,"9,828",84
101051539,"22,202",305,"22,442",289,"22,673",281,"22,897",228,"23,138",281,"23,415",281,"23,722",256,"24,000",283,"24,310",302,"24,588",321,"24,683",283
101051540,"11,956",95,"12,148",109,"12,346",123,"12,533",90,"12,715",116,"12,905",114,"13,027",128,"13,193",118,"13,359",121,"13,569",141,"13,788",126
101061541,"6,549",97,"6,563",109,"6,586",98,"6,612",77,"6,635",72,"6,664",91,"6,700",78,"6,729",85,"6,761",75,"6,782",85,"6,759",64
101061542,"10,840",110,"11,107",116,"11,298",125,"11,470",151,"11,619",118,"11,831",109,"11,957",119,"12,081",119,"12,227",127,"12,413",109,"12,670",119
101061543,"10,605",158,"10,647",145,"10,683",154,"10,714",127,"10,740",145,"10,775",119,"10,854",141,"10,922",147,"10,987",149,"10,991",125,"10,989",121
101061544,"7,623",81,"7,585",84,"7,534",83,"7,492",65,"7,444",63,"7,396",68,"7,447",85,"7,480",98,"7,530",74,"7,597",76,"7,653",90
103011059,"9,820",155,"10,060",165,"10,340",141,"10,647",120,"11,048",164,"11,424",154,"11,646",164,"11,817",178,"11,994",140,"12,144",145,"12,354",191
103011060,"6,811",62,"6,840",51,"6,883",61,"6,923",51,"6,963",52,"7,006",64,"6,987",52,"6,966",51,"6,954",71,"6,934",49,"6,900",72
103011061,"4,611",58,"4,624",49,"4,643",50,"4,665",49,"4,681",63,"4,704",50,"4,744",56,"4,768",43,"4,793",49,"4,815",36,"4,827",67
103011612,"10,966",116,"10,979",129,"11,007",143,"10,988",117,"10,987",112,"11,001",96,"10,973",107,"10,931",123,"10,889",107,"10,855",92,"10,803",118
103011613,"12,968",174,"13,026",180,"13,148",160,"13,246",180,"13,339",201,"13,453",166,"13,614",176,"13,800",204,"13,987",177,"14,135",189,"14,333",192
103021062,"7,138",89,"7,092",124,"7,034",114,"6,976",95,"6,898",118,"6,807",100,"6,725",107,"6,647",112,"6,568",106,"6,502",115,"6,431",91
103021063,"9,201",106,"9,222",112,"9,246",99,"9,264",109,"9,281",112,"9,300",100,"9,314",112,"9,316",120,"9,311",91,"9,314",110,"9,318",114
103021064,"5,518",42,"5,517",68,"5,527",50,"5,525",49,"5,520",47,"5,519",46,"5,543",51,"5,580",59,"5,612",51,"5,651",48,"5,694",60
103021065,"10,131",135,"10,176",127,"10,248",140,"10,312",109,"10,358",138,"10,404",119,"10,367",124,"10,314",144,"10,268",142,"10,190",109,"10,087",133
103021066,"3,740",34,"3,724",35,"3,710",34,"3,693",36,"3,676",36,"3,665",34,"3,654",29,"3,637",45,"3,614",24,"3,596",27,"3,575",31
103021067,"11,318",169,"11,306",159,"11,297",177,"11,288",139,"11,264",138,"11,251",149,"11,222",141,"11,181",168,"11,152",150,"11,081",146,"10,985",152
103021068,"3,495",46,"3,481",36,"3,459",37,"3,444",40,"3,434",39,"3,420",29,"3,423",33,"3,414",49,"3,388",47,"3,344",34,"3,283",46
103021069,"6,004",93,"6,005",71,"6,000",70,"6,006",69,"5,999",82,"5,997",63,"5,907",50,"5,816",80,"5,721",81,"5,612",78,"5,515",71
103031070,"12,686",171,"12,796",165,"12,867",148,"12,976",141,"13,032",176,"13,040",145,"12,955",131,"12,843",133,"12,721",126,"12,581",131,"12,411",135
103031071,"8,157",83,"8,196",79,"8,242",87,"8,298",70,"8,359",75,"8,435",81,"8,446",76,"8,472",79,"8,460",59,"8,438",83,"8,435",82
103031072,"10,832",162,"11,092",177,"11,372",192,"11,638",164,"11,880",187,"12,019",154,"12,205",189,"12,378",173,"12,485",179,"12,593",205,"12,577",194
103031073,"3,455",29,"3,468",39,"3,494",38,"3,499",31,"3,503",40,"3,497",28,"3,481",28,"3,468",28,"3,442",26,"3,417",28,"3,393",27
103031074,"10,230",99,"10,302",120,"10,363",117,"10,413",104,"10,478",117,"10,514",93,"10,626",100,"10,734",116,"10,838",97,"10,926",100,"11,064",106
103031075,0,0,0,0,0,0,0,0,0,0,0,0,0,0,0,0,0,0,0,0,0,0
103041076,"7,239",79,"7,285",103,"7,314",87,"7,334",81,"7,334",73,"7,355",82,"7,391",80,"7,419",100,"7,459",81,"7,489",92,"7,528",99
103041077,"20,375",322,"20,158",293,"19,945",292,"19,765",278,"19,565",295,"19,390",256,"19,275",258,"19,212",288,"19,183",275,"19,090",236,"19,104",289
103041078,"17,410",312,"18,009",328,"18,640",332,"19,276",298,"19,657",354,"20,196",320,"20,921",297,"21,690",403,"22,280",334,"22,639",347,"23,047",365
103041079,"11,294",130,"11,382",120,"11,460",144,"11,550",130,"11,644",121,"11,762",131,"11,784",111,"11,801",112,"11,806",115,"11,808",107,"11,807",139
104011080,"19,051",232,"19,043",246,"19,055",232,"19,046",221,"19,037",255,"19,037",228,"19,143",214,"19,234",229,"19,295",223,"19,324",241,"19,331",244
104011081,"15,431",162,"15,469",119,"15,515",128,"15,551",119,"15,577",119,"15,611",120,"15,635",155,"15,682",152,"15,715",119,"15,719",146,"16,916",142
104011082,"16,365",153,"16,403",115,"16,453",139,"16,487",116,"16,521",115,"16,567",108,"16,725",132,"16,899",157,"17,075",137,"17,293",144,"17,481",143
104021083,"5,894",69,"5,914",56,"5,931",68,"5,958",70,"5,981",52,"6,007",59,"6,003",55,"6,007",62,"6,037",69,"6,097",43,"6,147",55
104021084,"16,985",210,"17,127",225,"17,286",221,"17,452",190,"17,634",209,"17,845",207,"17,968",213,"18,095",217,"18,139",198,"18,268",199,"18,132",195
104021085,"10,206",115,"10,247",115,"10,324",127,"10,367",117,"10,442",116,"10,531",103,"10,823",102,"11,091",141,"11,295",116,"11,374",98,"11,283",120
104021086,"3,681",40,"3,726",32,"3,769",39,"3,817",35,"3,868",36,"3,917",36,"3,933",31,"3,975",45,"3,978",35,"3,929",42,"3,948",32
104021087,"3,365",33,"3,333",35,"3,303",29,"3,284",31,"3,275",28,"3,262",38,"3,278",33,"3,283",29,"3,273",20,"3,255",30,"3,232",28
104021088,"8,019",88,"8,134",80,"8,332",96,"8,539",67,"8,720",87,"9,011",93,"9,285",110,"9,577",105,"9,880",98,"10,073",104,"10,212",101
104021089,"19,685",237,"19,724",213,"19,781",220,"19,819",186,"19,842",203,"19,889",202,"19,950",185,"20,009",207,"20,053",213,"20,081",185,"20,111",211
104021090,"4,706",40,"4,709",38,"4,717",37,"4,723",40,"4,727",36,"4,739",27,"4,758",37,"4,782",48,"4,804",44,"4,837",42,"4,883",44
104021091,"11,794",149,"11,996",139,"12,203",153,"12,403",139,"12,601",141,"12,830",153,"13,098",153,"13,394",164,"13,683",171,"13,899",121,"14,439",184
105011092,"4,551",104,"4,476",82,"4,403",120,"4,339",96,"4,261",80,"4,185",72,"4,072",60,"3,932",62,"3,824",61,"3,714",53,"3,618",63
105011093,"4,890",72,"4,865",68,"4,843",83,"4,829",78,"4,802",70,"4,783",85,"4,698",75,"4,615",70,"4,479",71,"4,283",61,"4,169",66
105011094,"4,461",70,"4,437",70,"4,394",77,"4,350",56,"4,297",58,"4,245",78,"4,221",75,"4,172",96,"4,121",77,"4,068",65,"4,039",60
105011095,"5,406",91,"5,360",96,"5,295",78,"5,236",70,"5,164",111,"5,096",78,"5,012",56,"4,924",93,"4,826",72,"4,710",59,"4,635",96
105011096,"7,190",113,"7,071",103,"6,951",97,"6,855",73,"6,747",116,"6,629",95,"6,476",86,"6,310",85,"6,169",95,"5,994",93,"5,889",75
105021097,"19,151",213,"18,985",229,"18,802",239,"18,627",183,"18,360",223,"18,114",215,"17,985",199,"17,897",225,"17,778",207,"17,688",206,"17,661",215
105021098,"2,786",54,"2,740",41,"2,708",41,"2,665",44,"2,618",39,"2,579",41,"2,532",26,"2,495",43,"2,450",32,"2,386",39,"2,332",32
105031099,"8,444",106,"8,352",91,"8,278",78,"8,221",75,"8,157",88,"8,100",88,"8,069",82,"8,037",97,"8,000",83,"7,965",98,"7,946",72
105031100,"11,290",188,"11,170",164,"11,051",166,"10,921",137,"10,788",184,"10,690",160,"10,690",177,"10,704",168,"10,710",155,"10,733",148,"10,737",181
105031101,"16,297",250,"16,446",260,"16,611",263,"16,873",238,"17,122",238,"17,389",255,"18,039",299,"18,664",314,"19,128",294,"19,504",330,"19,823",324
105031102,"7,694",165,"7,925",157,"8,205",149,"8,529",143,"8,805",161,"9,039",156,"9,348",165,"9,695",195,"9,983",167,"10,184",174,"10,454",172
105031103,"5,330",62,"5,371",47,"5,385",53,"5,461",77,"5,561",71,"5,713",58,"5,779",51,"5,851",60,"5,896",64,"5,939",62,"5,974",67
105031104,"4,607",59,"4,575",69,"4,545",62,"4,507",35,"4,474",52,"4,441",44,"4,423",56,"4,413",71,"4,431",61,"4,430",68,"4,424",76
105031105,"6,925",73,"6,885",112,"6,851",103,"6,813",82,"6,761",68,"6,712",73,"6,692",85,"6,678",101,"6,657",87,"6,611",84,"6,550",103
105031106,"8,969",130,"8,987",88,"9,012",122,"9,032",104,"9,049",106,"9,060",114,"9,074",129,"9,063",145,"9,012",130,"8,970",105,"8,927",106
106011107,"9,602",148,"9,801",156,"9,927",149,"10,047",132,"10,186",154,"10,365",132,"10,722",138,"11,295",198,"11,729",142,"12,209",191,"12,781",188
106011108,"20,896",302,"21,158",326,"21,520",287,"21,899",269,"22,182",302,"22,493",306,"22,759",291,"23,236",349,"23,432",303,"23,580",305,"23,732",299
106011109,"7,240",105,"7,391",80,"7,554",73,"7,704",66,"7,883",73,"8,073",70,"8,235",62,"8,437",96,"8,684",98,"8,899",86,"9,151",91
106011110,"8,556",76,"8,657",86,"8,791",76,"8,918",77,"9,008",84,"9,101",78,"9,149",94,"9,247",116,"9,313",98,"9,428",94,"9,525",98
106011111,"16,741",241,"17,034",250,"17,379",235,"17,577",229,"17,791",258,"17,967",241,"18,354",254,"18,848",292,"19,193",266,"20,001",303,"20,824",320
106011112,"16,730",255,"16,671",258,"16,649",248,"16,625",223,"16,570",277,"16,517",225,"16,663",210,"16,771",255,"16,897",259,"16,942",220,"17,135",240
106011113,"4,927",70,"4,949",74,"4,972",62,"4,993",50,"5,010",44,"5,030",51,"5,080",47,"5,142",55,"5,216",59,"5,291",53,"5,354",65
106021114,"4,936",79,"5,244",74,"5,628",78,"6,095",77,"6,482",87,"6,768",111,"7,098",103,"7,504",139,"7,823",144,"8,224",125,"8,652",145
106021116,"6,828",75,"7,030",71,"7,200",81,"7,431",68,"7,606",76,"7,761",77,"7,927",72,"8,087",95,"8,310",112,"8,524",101,"8,715",92
106021614,"17,896",275,"18,075",256,"18,182",262,"18,289",204,"18,341",253,"18,412",219,"18,395",218,"18,285",245,"18,184",194,"18,124",185,"18,046",208
106021615,"12,173",196,"13,089",198,"13,923",231,"14,669",220,"15,425",257,"16,091",262,"16,509",215,"16,846",276,"17,161",242,"17,474",251,"17,823",264
106021616,"6,741",129,"6,817",135,"6,869",121,"6,866",112,"6,936",113,"7,000",101,"7,171",132,"7,305",118,"7,419",110,"7,674",123,"8,040",137
106021617,"8,898",128,"9,042",134,"9,157",131,"9,314",129,"9,410",122,"9,505",100,"9,582",108,"9,748",122,"9,866",110,"9,974",112,"10,088",127
106021618,"9,068",138,"9,374",116,"9,602",150,"9,789",116,"9,949",149,"10,318",123,"11,135",139,"12,193",201,"13,192",204,"14,516",232,"15,966",289
106031119,"5,674",57,"5,674",70,"5,710",61,"5,779",57,"5,812",45,"5,838",43,"5,947",58,"6,045",50,"6,146",52,"6,247",52,"6,406",51
106031120,"6,568",68,"6,634",84,"6,678",80,"6,728",73,"6,740",69,"6,779",66,"6,818",58,"6,790",79,"6,792",70,"6,868",74,"6,890",70
106031121,"20,442",184,"20,673",166,"20,882",177,"21,093",157,"21,325",162,"21,621",143,"21,703",135,"21,796",183,"21,855",159,"21,893",126,"21,910",144
106031122,"14,170",238,"14,179",229,"14,174",218,"14,158",169,"14,133",222,"14,120",182,"14,220",173,"14,294",170,"14,411",190,"14,535",188,"14,684",161
106031123,"5,459",44,"5,458",37,"5,465",44,"5,464",35,"5,469",52,"5,480",49,"5,516",48,"5,563",55,"5,613",50,"5,651",35,"5,687",60
106031124,"4,686",39,"4,802",35,"4,877",37,"4,945",30,"5,014",30,"5,112",13,"5,229",29,"5,351",28,"5,462",21,"5,581",24,"5,732",26
106031125,"13,040",181,"13,277",166,"13,454",177,"13,597",169,"13,780",154,"14,004",137,"14,158",171,"14,330",154,"14,519",153,"14,747",155,"15,050",167
106041126,"12,222",233,"12,263",206,"12,282",202,"12,309",171,"12,333",236,"12,376",206,"12,439",199,"12,436",210,"12,463",200,"12,433",157,"12,379",184
106041127,"4,106",50,"4,135",59,"4,133",52,"4,122",46,"4,102",50,"4,086",53,"4,071",34,"4,066",35,"4,066",44,"4,073",39,"4,084",33
106041128,"6,096",94,"6,168",79,"6,215",92,"6,148",66,"6,035",67,"5,941",66,"5,948",68,"5,965",72,"5,992",77,"6,028",59,"6,052",68
106041129,"8,110",105,"8,220",100,"8,299",102,"8,360",102,"8,377",90,"8,403",89,"8,360",78,"8,315",99,"8,276",78,"8,239",97,"8,200",97
107011131,"23,404",278,"23,430",313,"23,518",286,"23,650",254,"23,813",287,"24,032",261,"24,165",294,"24,238",318,"24,285",316,"24,288",306,"24,278",303
107011132,"7,758",100,"7,866",101,"8,001",88,"8,294",104,"8,626",121,"8,856",113,"9,430",133,"9,933",163,"10,469",135,"11,162",143,"12,170",175
107011133,32,0,28,0,24,0,19,0,15,0,11,3,10,0,9,0,9,0,8,0,7,0
107011134,"16,126",203,"16,089",157,"16,086",175,"16,026",143,"15,991",162,"15,894",166,"15,844",164,"15,754",203,"15,633",181,"15,452",182,"15,239",202
107011545,"13,497",180,"13,635",189,"13,834",195,"13,983",164,"14,181",184,"14,369",200,"14,324",192,"14,294",206,"14,258",186,"14,225",199,"14,186",202
107011546,"10,120",133,"10,121",154,"10,119",139,"10,110",125,"10,111",127,"10,118",114,"10,087",124,"10,058",149,"10,007",145,"9,841",124,"9,735",135
107011547,"4,393",47,"4,383",46,"4,378",46,"4,369",32,"4,357",42,"4,343",40,"4,337",43,"4,328",64,"4,317",44,"4,259",47,"4,220",32
107021135,13,0,11,0,10,0,8,0,7,0,5,0,5,0,5,0,5,0,5,0,5,0
107031136,"14,059",191,"14,181",215,"14,314",196,"14,424",164,"14,559",198,"14,706",171,"15,107",183,"15,615",232,"16,244",222,"17,590",225,"19,096",332
107031137,"7,236",111,"7,219",66,"7,203",97,"7,166",91,"7,112",91,"7,045",80,"6,973",72,"6,953",100,"6,955",89,"6,926",99,"6,928",98
107031138,"7,449",63,"7,480",56,"7,553",64,"7,692",57,"7,789",63,"7,862",68,"8,037",65,"8,176",80,"8,401",78,"8,565",81,"8,724",62
107031139,"5,978",61,"6,005",48,"6,037",62,"6,062",52,"6,088",81,"6,112",68,"6,100",57,"6,098",72,"6,083",58,"6,070",64,"6,044",62
107031140,"7,314",54,"7,439",61,"7,592",65,"7,777",63,"7,930",75,"8,051",60,"8,066",63,"8,095",80,"8,106",62,"8,106",78,"8,105",67
107031141,"14,042",163,"14,525",172,"15,179",163,"15,994",147,"16,641",210,"17,384",200,"17,873",179,"18,343",226,"18,747",185,"19,061",190,"19,361",231
107031142,"9,964",107,"9,978",108,"10,028",125,"10,076",94,"10,149",129,"10,217",102,"10,271",111,"10,325",124,"10,386",104,"10,472",97,"10,563",116
107031143,"20,917",270,"20,937",273,"20,977",281,"20,998",234,"21,013",248,"21,039",240,"21,036",225,"20,993",274,"20,917",258,"20,728",239,"20,495",244
107041144,"21,041",242,"21,148",211,"21,378",237,"21,513",194,"21,754",238,"21,858",253,"21,988",227,"21,883",242,"21,857",202,"21,809",210,"21,548",252
107041145,"15,801",220,"15,815",190,"15,865",213,"15,896",167,"15,918",194,"15,955",167,"15,984",163,"16,015",194,"16,074",202,"16,031",184,"16,018",200
107041146,"20,964",253,"21,050",216,"21,258",225,"21,355",187,"21,536",234,"21,816",247,"22,165",220,"22,435",255,"22,655",205,"22,830",232,"22,827",240
107041147,"8,777",124,"8,824",122,"8,871",114,"8,947",125,"9,015",116,"9,096",126,"9,134",108,"9,158",157,"9,179",126,"9,180",142,"9,126",138
107041148,"11,165",120,"11,211",122,"11,337",137,"11,494",123,"11,607",128,"11,686",126,"11,747",139,"11,800",124,"11,848",130,"11,901",111,"11,907",132
107041150,"19,263",242,"19,489",266,"19,768",253,"19,920",224,"20,122",224,"20,346",248,"20,513",212,"20,625",261,"20,729",222,"20,778",212,"20,779",255
107041548,"13,357",119,"13,490",140,"13,656",130,"13,982",112,"14,241",148,"14,619",125,"14,923",147,"15,362",138,"15,692",150,"15,891",137,"16,031",137
107041549,"16,357",227,"16,484",205,"16,633",217,"16,878",183,"17,049",250,"17,420",210,"17,439",210,"17,385",223,"17,252",207,"17,032",185,"16,598",186
108011151,"4,860",53,"4,847",50,"4,839",41,"4,828",36,"4,804",46,"4,785",35,"4,866",39,"4,931",43,"4,997",27,"5,088",41,"5,225",41
108011152,"14,265",120,"14,286",108,"14,338",114,"14,383",92,"14,450",134,"14,571",114,"14,699",137,"14,749",132,"14,747",107,"14,710",109,"14,677",100
108011153,"5,834",40,"5,910",51,"5,993",41,"6,066",42,"6,131",55,"6,216",35,"6,352",47,"6,485",46,"6,623",53,"6,777",48,"6,957",59
108011154,"6,008",43,"6,025",31,"6,073",43,"6,120",35,"6,185",51,"6,284",44,"6,330",30,"6,371",35,"6,391",45,"6,350",31,"6,322",46
108021155,"14,796",256,"14,865",207,"14,936",195,"15,006",162,"15,055",193,"15,125",182,"15,342",207,"15,475",197,"15,591",204,"15,670",217,"15,809",199
108021156,"9,258",75,"9,244",88,"9,221",94,"9,199",69,"9,167",94,"9,133",101,"9,186",90,"9,255",106,"9,326",107,"9,410",99,"9,482",99
108021157,"4,791",54,"4,808",42,"4,843",52,"4,860",41,"4,880",60,"4,896",35,"4,990",52,"5,068",60,"5,139",55,"5,163",60,"5,176",53
108021158,"6,879",78,"6,888",80,"6,909",66,"6,898",62,"6,885",60,"6,873",55,"6,924",68,"6,963",65,"7,011",72,"7,069",73,"7,113",51
108021159,"7,565",76,"7,612",66,"7,673",80,"7,740",65,"7,773",85,"7,808",74,"7,863",69,"7,906",88,"7,970",90,"8,017",85,"8,086",74
108021160,"5,129",51,"5,149",37,"5,161",41,"5,179",38,"5,190",29,"5,206",37,"5,279",41,"5,372",42,"5,444",56,"5,524",45,"5,591",50
108031161,392,4,399,5,398,5,403,4,411,7,414,4,420,7,426,3,430,3,437,5,444,5
108041162,"16,267",135,"16,330",121,"16,374",117,"16,502",96,"16,751",119,"17,001",105,"17,321",95,"17,628",116,"17,914",106,"18,201",117,"18,409",118
108041164,"15,483",158,"15,908",178,"16,293",180,"16,846",153,"17,224",169,"17,652",145,"18,227",167,"18,899",201,"19,637",193,"20,383",219,"21,168",251
108041165,"5,208",57,"5,251",55,"5,290",45,"5,325",34,"5,342",47,"5,375",41,"5,367",41,"5,354",48,"5,339",59,"5,313",50,"5,285",49
108041166,"10,516",140,"10,761",110,"10,925",134,"11,019",98,"11,131",110,"11,345",120,"11,558",103,"11,861",134,"12,185",134,"12,484",152,"12,803",142
108041619,"11,449",138,"11,518",125,"11,575",142,"11,645",116,"11,723",127,"11,743",124,"11,750",106,"11,750",131,"11,742",101,"11,730",92,"11,720",125
108041620,"16,343",150,"16,527",174,"16,610",154,"16,736",136,"16,851",138,"16,981",133,"17,131",139,"17,206",136,"17,228",140,"17,221",136,"17,216",149
108051167,"4,991",45,"4,998",43,"5,026",38,"5,059",40,"5,084",34,"5,108",38,"5,149",39,"5,179",31,"5,204",41,"5,233",30,"5,277",35
108051168,"9,869",91,"10,002",93,"10,151",87,"10,306",86,"10,484",101,"10,661",80,"10,997",101,"11,360",135,"11,716",97,"12,122",110,"12,427",87
108051169,"20,841",237,"20,857",251,"20,882",244,"20,889",215,"20,882",261,"20,894",199,"20,983",247,"21,065",267,"21,147",240,"21,219",250,"21,279",250
108051170,"11,880",101,"11,981",98,"12,144",88,"12,249",87,"12,376",86,"12,538",87,"12,626",91,"12,704",85,"12,783",90,"12,878",111,"13,009",106
108051171,"5,466",70,"5,480",55,"5,493",54,"5,493",56,"5,493",58,"5,491",55,"5,490",66,"5,475",50,"5,475",57,"5,445",77,"5,395",66
109011172,"13,239",191,"13,562",203,"13,978",189,"14,503",187,"14,842",205,"15,321",255,"15,718",230,"16,246",272,"16,724",261,"17,267",222,"17,847",243
109011173,"9,621",114,"9,644",146,"9,717",127,"9,796",139,"9,900",153,"10,004",140,"10,180",128,"10,318",171,"10,421",145,"10,493",125,"10,525",137
109011174,"10,933",104,"10,896",126,"10,894",147,"10,824",109,"10,727",109,"10,686",126,"10,656",118,"10,615",107,"10,573",106,"10,542",103,"10,487",94
109011175,"11,167",110,"11,280",133,"11,382",104,"11,515",115,"11,669",134,"11,784",115,"11,912",135,"12,017",118,"12,115",117,"12,258",118,"12,448",120
109011176,"14,377",175,"14,369",181,"14,400",191,"14,490",175,"14,614",180,"14,725",211,"14,976",196,"15,171",210,"15,332",187,"15,505",193,"15,634",170
109021177,"3,085",27,"3,064",35,"3,049",23,"3,036",36,"3,023",41,"3,012",29,"2,990",33,"2,967",43,"2,941",29,"2,916",44,"2,896",31
109021178,"5,973",62,"5,984",102,"6,004",65,"6,034",73,"6,049",69,"6,087",86,"6,174",92,"6,270",77,"6,353",62,"6,446",73,"6,540",81
109021179,"3,766",40,"3,744",47,"3,731",47,"3,726",50,"3,708",58,"3,684",44,"3,693",58,"3,697",45,"3,688",51,"3,676",44,"3,651",53
109031180,"5,755",56,"5,726",67,"5,699",62,"5,658",56,"5,597",60,"5,539",62,"5,552",45,"5,558",41,"5,560",61,"5,565",40,"5,568",49
109031181,"6,716",74,"6,738",89,"6,760",71,"6,788",73,"6,817",66,"6,845",63,"6,895",80,"6,937",62,"7,004",76,"7,100",60,"7,220",70
109031182,"7,303",88,"7,352",90,"7,411",79,"7,470",71,"7,549",99,"7,556",78,"7,427",84,"7,327",100,"7,226",81,"7,110",74,"7,015",84
109031183,"7,001",60,"6,965",72,"6,930",70,"6,898",68,"6,866",69,"6,838",68,"6,823",63,"6,818",68,"6,807",76,"6,808",63,"6,814",65
109031184,"5,292",59,"5,460",62,"5,597",62,"5,729",54,"5,849",52,"5,960",60,"6,130",85,"6,303",63,"6,464",69,"6,666",60,"6,891",80
109031185,"9,567",91,"9,622",116,"9,688",103,"9,790",101,"9,851",100,"9,902",86,"9,921",100,"9,925",88,"9,903",101,"9,850",98,"9,796",82
110011186,"23,471",296,"23,631",311,"23,756",290,"23,856",264,"23,979",274,"24,114",266,"24,286",279,"24,414",291,"24,479",281,"24,370",285,"24,171",267
110011187,"4,421",49,"4,464",47,"4,503",71,"4,531",45,"4,543",52,"4,558",50,"4,557",42,"4,546",44,"4,543",46,"4,540",43,"4,534",42
110011188,"6,211",64,"6,199",52,"6,185",70,"6,179",61,"6,153",46,"6,120",42,"6,091",49,"6,051",63,"6,027",55,"5,973",55,"5,916",62
110011189,"3,294",40,"3,294",34,"3,296",39,"3,293",47,"3,268",32,"3,268",27,"3,251",26,"3,225",41,"3,207",31,"3,176",33,"3,145",34
110021190,"8,911",102,"8,905",114,"8,909",101,"8,919",91,"8,926",97,"8,934",69,"8,932",83,"8,931",86,"8,933",87,"8,929",96,"8,922",73
110021191,"11,768",177,"11,787",153,"11,818",187,"11,848",150,"11,870",153,"11,900",151,"11,961",151,"12,022",166,"12,073",182,"12,109",152,"12,103",155
110021192,"5,428",67,"5,427",71,"5,412",72,"5,390",46,"5,365",54,"5,340",49,"5,321",50,"5,300",72,"5,286",71,"5,253",57,"5,229",54
110021193,"5,762",75,"5,832",66,"5,893",66,"5,934",52,"5,998",60,"6,057",59,"6,006",76,"5,973",61,"5,936",52,"5,828",50,"5,720",59
110021194,"6,990",83,"6,925",72,"6,834",53,"6,769",54,"6,713",73,"6,697",53,"6,725",83,"6,760",54,"6,784",56,"6,766",49,"6,798",68
110031195,"8,789",183,"8,742",160,"8,698",191,"8,650",131,"8,570",160,"8,509",139,"8,371",143,"8,251",165,"8,135",133,"8,004",121,"7,993",128
110031196,"5,793",93,"5,771",94,"5,749",80,"5,724",91,"5,687",96,"5,637",91,"5,609",93,"5,573",75,"5,534",80,"5,481",77,"5,420",63
110031197,"7,186",103,"7,232",115,"7,290",114,"7,313",112,"7,318",116,"7,320",100,"7,274",78,"7,216",88,"7,139",99,"7,059",107,"6,965",98
110031198,"5,023",80,"5,012",71,"4,998",87,"4,975",63,"4,943",72,"4,910",75,"4,888",62,"4,862",67,"4,834",75,"4,748",60,"4,656",76
110041199,"9,080",130,"9,129",144,"9,216",162,"9,279",114,"9,322",146,"9,409",122,"9,543",148,"9,662",174,"9,765",159,"9,836",180,"9,879",179
110041200,"4,668",76,"4,574",58,"4,466",49,"4,381",56,"4,323",49,"4,219",42,"4,243",50,"4,266",67,"4,294",57,"4,326",57,"4,394",68
110041201,"7,761",97,"7,785",97,"7,811",80,"7,830",77,"7,836",87,"7,846",73,"7,825",72,"7,799",80,"7,770",85,"7,689",92,"7,608",78
110041202,"20,568",267,"20,612",287,"20,651",303,"20,704",259,"20,742",268,"20,793",262,"20,994",245,"21,164",295,"21,324",283,"21,480",251,"21,607",289
110041203,"13,952",178,"14,255",186,"14,564",202,"14,879",191,"15,100",237,"15,442",167,"15,838",223,"16,185",239,"16,492",249,"16,486",222,"16,607",230
110041204,"5,565",122,"5,614",107,"5,649",114,"5,689",106,"5,740",108,"5,751",110,"5,830",110,"5,935",141,"6,038",98,"6,087",102,"6,143",122
110041205,"17,918",196,"18,025",205,"18,188",196,"18,413",150,"18,667",193,"18,823",186,"18,910",170,"19,005",217,"19,080",179,"19,073",194,"19,132",205
111011206,"17,903",223,"18,002",209,"18,106",206,"18,164",178,"18,195",179,"18,223",178,"18,190",187,"18,156",194,"18,094",163,"17,986",155,"17,849",215
111011207,"5,858",64,"5,834",42,"5,833",69,"5,833",50,"5,795",60,"5,745",63,"5,749",49,"5,758",60,"5,736",53,"5,709",52,"5,679",59
111011208,"24,598",344,"24,621",345,"24,658",380,"24,682",308,"24,690",325,"24,724",359,"24,806",331,"24,903",383,"25,016",320,"25,158",315,"25,357",363
111011209,"23,943",347,"23,947",345,"23,964",325,"23,968",308,"23,964",348,"23,987",299,"24,148",328,"24,293",343,"24,430",301,"24,578",314,"24,725",316
111011210,"8,984",147,"9,037",133,"9,075",131,"9,093",102,"9,092",117,"9,109",99,"9,189",109,"9,290",121,"9,383",110,"9,466",104,"9,542",121
111011211,"3,596",38,"3,608",29,"3,620",47,"3,618",23,"3,614",30,"3,619",28,"3,647",34,"3,669",22,"3,703",26,"3,742",26,"3,774",24
111011212,"11,109",95,"11,144",101,"11,249",124,"11,421",95,"11,613",119,"11,800",117,"11,904",95,"12,051",98,"12,203",101,"12,365",93,"12,512",101
111011213,"12,590",86,"12,530",102,"12,508",94,"12,439",106,"12,379",95,"12,340",86,"12,410",90,"12,454",87,"12,485",97,"12,511",86,"12,495",103
111011214,"13,295",152,"13,346",132,"13,442",150,"13,571",134,"13,611",152,"13,636",134,"13,727",103,"13,891",133,"14,109",128,"14,358",138,"14,634",145
111021215,"9,040",116,"8,964",110,"8,892",115,"8,825",108,"8,762",91,"8,722",90,"8,911",97,"9,162",118,"9,454",115,"9,786",129,"10,157",129
111021216,"8,249",100,"8,371",77,"8,497",89,"8,623",105,"8,772",104,"8,931",88,"9,061",97,"9,203",128,"9,355",121,"9,517",102,"9,693",118
111021217,"11,767",203,"12,339",201,"12,916",214,"13,554",185,"14,006",213,"14,518",204,"14,910",218,"15,278",233,"15,609",259,"16,057",222,"16,456",219
111021218,"14,395",124,"14,464",142,"14,620",155,"14,865",127,"15,105",145,"15,276",155,"15,821",167,"16,481",190,"17,041",182,"17,560",174,"18,078",201
111021219,"13,848",149,"13,836",121,"13,840",135,"13,831",146,"13,801",142,"13,765",154,"13,770",127,"13,780",138,"13,834",141,"13,889",139,"13,954",132
111021220,"9,022",105,"9,037",114,"9,057",99,"9,075",85,"9,100",99,"9,117",81,"9,178",81,"9,242",74,"9,318",80,"9,388",81,"9,455",87
111021221,"6,358",91,"6,373",77,"6,423",93,"6,480",84,"6,547",88,"6,616",85,"6,757",89,"6,911",101,"7,069",86,"7,157",100,"7,272",102
111031222,"15,794",214,"15,892",208,"15,953",200,"15,987",168,"16,039",228,"16,023",200,"16,148",164,"16,246",212,"16,442",184,"16,543",175,"16,631",187
111031223,"8,646",117,"8,621",128,"8,610",149,"8,596",104,"8,568",80,"8,543",105,"8,568",109,"8,598",104,"8,631",108,"8,606",103,"8,609",103
111031224,"12,306",181,"12,300",142,"12,307",161,"12,312",129,"12,299",134,"12,295",142,"12,422",120,"12,523",112,"12,598",117,"12,684",109,"12,767",127
111031225,"17,101",228,"17,076",221,"17,087",249,"17,058",221,"17,043",178,"17,040",195,"17,053",162,"17,084",167,"17,146",198,"17,255",141,"17,343",176
111031226,"11,641",167,"12,056",170,"12,487",187,"12,966",170,"13,503",183,"13,963",196,"14,522",182,"15,175",197,"15,702",204,"16,133",194,"16,509",240
111031227,"15,253",250,"15,271",234,"15,299",234,"15,318",203,"15,335",215,"15,357",217,"15,412",213,"15,476",253,"15,524",233,"15,542",215,"15,588",213
111031228,"14,238",157,"14,238",172,"14,239",158,"14,239",137,"14,226",131,"14,218",141,"14,275",129,"14,330",151,"14,395",123,"14,466",100,"14,498",123
111031229,"10,757",109,"10,878",99,"10,991",112,"11,101",107,"11,267",115,"11,435",92,"11,713",114,"11,950",123,"12,246",91,"12,644",102,"12,828",121
111031230,20,0,19,0,19,0,18,0,18,0,17,0,19,0,21,0,23,0,25,0,28,0
111031231,"10,569",140,"10,803",132,"11,112",133,"11,353",118,"11,576",138,"11,895",137,"12,110",127,"12,295",156,"12,487",152,"12,598",147,"12,694",152
111031232,"6,280",66,"6,391",75,"6,597",62,"7,069",59,"7,328",66,"7,635",57,"7,888",79,"8,142",84,"8,374",76,"8,556",85,"8,809",98
111031233,"19,915",295,"19,987",263,"20,017",276,"20,058",212,"20,063",252,"20,097",241,"20,294",216,"20,485",284,"20,655",239,"20,864",248,"21,030",275
111031234,"12,417",179,"12,422",189,"12,443",160,"12,452",159,"12,460",189,"12,477",159,"12,611",153,"12,710",150,"12,797",174,"12,866",168,"12,933",163
111031235,"8,070",133,"8,153",167,"8,224",144,"8,283",120,"8,334",102,"8,365",108,"8,462",120,"8,573",112,"8,701",125,"8,910",124,"9,196",116
112011236,"16,830",173,"16,914",134,"17,062",164,"17,184",114,"17,342",133,"17,555",142,"17,763",139,"17,997",171,"18,195",163,"18,396",148,"18,578",166
112011237,"16,205",185,"16,400",156,"16,556",148,"16,711",139,"16,906",143,"17,247",159,"17,498",155,"17,723",159,"17,917",168,"18,072",142,"18,291",200
112011238,"5,589",54,"5,661",59,"5,739",57,"5,821",59,"5,914",57,"6,006",71,"6,191",59,"6,374",87,"6,523",68,"6,724",65,"6,953",90
112011239,"8,084",96,"8,181",104,"8,290",88,"8,403",85,"8,493",91,"8,602",73,"8,684",91,"8,776",116,"8,869",98,"9,025",104,"9,141",87
112011240,"9,237",113,"9,456",114,"9,689",116,"9,852",106,"10,018",122,"10,203",113,"10,372",95,"10,535",131,"10,723",113,"10,931",103,"10,942",107
112011241,"5,147",50,"5,173",57,"5,210",57,"5,252",49,"5,281",37,"5,316",49,"5,367",47,"5,413",44,"5,488",41,"5,556",47,"5,636",52
112011242,"7,639",70,"7,708",87,"7,790",107,"7,882",79,"7,983",102,"8,088",67,"8,270",80,"8,516",108,"8,715",84,"8,999",81,"9,204",118
112011243,"7,627",57,"7,736",73,"7,862",81,"8,007",65,"8,193",94,"8,398",75,"8,492",101,"8,601",97,"8,695",93,"8,776",94,"8,864",101
112021244,"12,204",181,"12,289",171,"12,356",176,"12,412",148,"12,444",180,"12,495",138,"12,510",168,"12,513",167,"12,490",168,"12,432",160,"12,333",191
112021245,"7,093",93,"7,085",81,"7,083",82,"7,095",70,"7,079",61,"7,079",80,"7,125",80,"7,187",71,"7,231",65,"7,296",71,"7,369",62
112021246,"13,160",197,"13,244",183,"13,301",192,"13,332",157,"13,345",154,"13,375",150,"13,403",162,"13,445",183,"13,482",168,"13,532",174,"13,597",161
112021247,"7,768",96,"7,701",69,"7,663",91,"7,603",59,"7,530",72,"7,464",61,"7,479",69,"7,501",82,"7,521",80,"7,556",75,"7,601",68
112021248,"16,134",220,"16,076",200,"16,015",207,"15,897",150,"15,766",169,"15,641",167,"15,533",152,"15,467",163,"15,391",182,"15,320",138,"15,247",153
112021249,"15,344",158,"15,356",147,"15,384",138,"15,395",127,"15,402",122,"15,415",137,"15,465",129,"15,518",127,"15,571",132,"15,651",104,"15,770",153
112031250,"11,376",109,"11,644",113,"11,933",115,"12,290",118,"12,830",133,"13,574",148,"13,837",128,"14,175",176,"14,414",117,"14,678",146,"14,800",122
112031251,"8,538",116,"8,667",95,"8,776",102,"8,851",85,"8,936",91,"9,088",73,"9,262",99,"9,391",88,"9,463",79,"9,495",101,"9,478",93
112031252,"9,916",95,"9,904",77,"9,902",89,"9,891",80,"9,888",105,"9,906",82,"9,949",81,"10,016",117,"10,100",123,"10,192",95,"10,310",101
112031253,"12,569",160,"12,735",165,"12,984",175,"13,186",143,"13,412",177,"13,602",137,"13,718",159,"13,805",180,"13,917",176,"14,005",140,"14,033",146
112031254,"18,955",227,"19,131",193,"19,326",229,"19,514",169,"19,698",198,"19,932",194,"20,049",214,"20,123",241,"20,191",219,"20,335",208,"20,548",236
112031550,"15,644",149,"15,703",137,"15,796",163,"15,865",144,"15,914",158,"15,986",138,"16,047",122,"16,061",166,"16,105",136,"16,185",134,"16,252",153
112031551,"3,224",34,"3,252",29,"3,266",27,"3,280",30,"3,309",25,"3,352",34,"3,360",35,"3,355",23,"3,363",25,"3,351",32,"3,319",21
112031552,"8,215",83,"8,230",80,"8,243",78,"8,262",65,"8,274",60,"8,302",66,"8,316",67,"8,314",73,"8,353",74,"8,404",67,"8,411",74
113011256,"18,683",266,"18,903",343,"19,115",305,"19,309",291,"19,499",320,"19,709",244,"19,993",326,"20,257",329,"20,473",288,"20,632",318,"20,670",314
113011257,"13,172",158,"13,174",179,"13,190",171,"13,192",151,"13,182",168,"13,185",153,"13,162",171,"13,118",197,"13,074",176,"12,999",171,"12,903",161
113011258,"10,219",138,"10,255",131,"10,276",151,"10,281",108,"10,284",140,"10,307",120,"10,319",152,"10,334",133,"10,343",137,"10,353",149,"10,359",135
113011259,"6,344",69,"6,300",73,"6,259",79,"6,213",63,"6,171",71,"6,138",73,"6,103",67,"6,070",78,"6,023",84,"5,977",76,"5,935",83
113021260,"3,521",30,"3,514",34,"3,514",36,"3,509",34,"3,499",37,"3,491",43,"3,497",42,"3,501",41,"3,503",52,"3,511",33,"3,514",35
113021261,"6,508",97,"6,498",90,"6,477",81,"6,452",75,"6,423",80,"6,399",70,"6,473",78,"6,525",96,"6,586",88,"6,648",77,"6,683",92
113021262,"4,764",53,"4,766",44,"4,767",40,"4,768",48,"4,758",44,"4,763",36,"4,756",40,"4,749",49,"4,746",40,"4,741",29,"4,737",41
113031263,"7,664",76,"7,672",94,"7,684",70,"7,682",78,"7,677",63,"7,677",65,"7,682",61,"7,686",79,"7,690",64,"7,690",73,"7,688",90
113031264,"3,674",46,"3,664",45,"3,652",39,"3,646",34,"3,648",42,"3,637",43,"3,632",36,"3,642",42,"3,669",44,"3,696",45,"3,713",41
113031265,"6,069",69,"6,100",63,"6,175",61,"6,240",70,"6,289",69,"6,363",61,"6,383",68,"6,387",77,"6,390",57,"6,390",66,"6,382",83
113031266,"6,528",73,"6,592",76,"6,657",78,"6,712",57,"6,780",66,"6,828",69,"6,795",78,"6,759",85,"6,711",72,"6,652",53,"6,586",89
113031267,"16,503",217,"16,599",204,"16,708",222,"16,801",207,"16,892",188,"17,004",199,"17,066",175,"17,085",223,"17,063",200,"17,033",199,"16,925",221
113031268,"3,601",34,"3,701",42,"3,823",36,"4,034",32,"4,262",61,"4,542",49,"4,731",57,"4,937",75,"5,171",60,"5,355",80,"5,606",83
113031269,"21,685",339,"21,688",309,"21,705",354,"21,705",314,"21,704",321,"21,709",306,"21,901",328,"22,083",382,"22,298",360,"22,553",353,"22,688",342
113031270,"12,348",195,"12,374",191,"12,415",166,"12,437",178,"12,501",184,"12,545",161,"12,512",144,"12,438",186,"12,340",186,"12,203",185,"12,014",175
113031271,"14,437",183,"14,515",166,"14,592",163,"14,669",146,"14,854",178,"15,069",191,"15,543",199,"16,029",232,"16,529",222,"17,145",209,"17,828",268
114011272,"8,570",70,"8,654",90,"8,740",52,"8,807",54,"8,888",60,"8,965",61,"9,036",40,"9,096",80,"9,164",66,"9,257",66,"9,411",90
114011273,"3,648",26,"3,658",31,"3,672",29,"3,685",22,"3,700",17,"3,715",19,"3,709",14,"3,706",29,"3,693",29,"3,664",27,"3,627",31
114011274,"4,957",37,"4,974",57,"4,996",35,"5,022",43,"5,044",57,"5,069",42,"5,092",44,"5,119",55,"5,139",58,"5,162",52,"5,087",57
114011275,37,3,40,0,41,0,45,0,48,3,52,0,54,0,56,0,58,0,60,0,62,0
114011276,"3,970",37,"4,027",20,"4,096",42,"4,163",30,"4,217",39,"4,272",47,"4,323",33,"4,491",58,"4,576",38,"4,697",36,"4,822",55
114011277,"15,831",186,"15,895",180,"15,954",202,"16,016",167,"16,080",170,"16,173",175,"16,181",154,"16,171",196,"16,163",173,"16,130",175,"16,092",204
114011278,"18,773",279,"19,014",281,"19,234",296,"19,660",217,"20,120",282,"20,617",248,"20,976",299,"21,333",315,"21,712",324,"22,226",292,"22,847",330
114011279,"12,997",147,"13,276",139,"13,533",136,"13,777",117,"14,007",147,"14,273",128,"14,492",139,"14,722",157,"14,932",142,"15,094",180,"15,259",160
114011280,"4,257",32,"4,296",24,"4,323",23,"4,348",21,"4,371",20,"4,397",27,"4,443",22,"4,499",35,"4,545",41,"4,579",36,"4,654",40
114011281,"3,403",34,"3,418",29,"3,435",29,"3,455",34,"3,483",29,"3,503",19,"3,533",36,"3,564",32,"3,603",28,"3,651",31,"3,700",38
114011282,"14,758",122,"14,918",121,"15,041",115,"15,189",123,"15,383",118,"15,618",119,"15,818",129,"16,086",164,"16,373",152,"16,688",155,"16,951",165
114011283,"4,805",43,"4,815",38,"4,860",24,"4,956",31,"5,043",40,"5,128",37,"5,236",32,"5,350",43,"5,474",35,"5,623",54,"5,784",45
114021284,"12,697",87,"12,794",89,"12,915",89,"13,001",67,"13,101",77,"13,218",76,"13,317",63,"13,415",69,"13,472",96,"13,516",71,"13,539",75
114021285,"5,882",84,"5,888",81,"5,928",87,"5,983",75,"6,071",71,"6,195",88,"6,241",78,"6,283",105,"6,322",102,"6,360",88,"6,399",85
114021286,"8,423",82,"8,497",71,"8,602",87,"8,738",80,"8,930",83,"9,232",83,"9,494",110,"9,801",127,"10,149",107,"10,541",106,"10,880",150
114021287,"9,264",123,"9,372",116,"9,511",111,"9,644",89,"9,825",98,"10,008",100,"10,181",107,"10,312",101,"10,416",108,"10,530",107,"10,601",129
114021288,"3,496",33,"3,506",36,"3,527",30,"3,544",27,"3,574",27,"3,606",33,"3,652",26,"3,721",34,"3,776",31,"3,813",21,"3,810",29
114021289,"6,356",49,"6,409",39,"6,476",39,"6,552",34,"6,640",34,"6,728",36,"6,839",47,"6,932",61,"7,045",35,"7,113",60,"7,197",54
