SA2,SES
101021007,0.8888888888888888
101021008,0.8888888888888888
101021009,0.8888888888888888
101021010,0.8888888888888888
101021012,0.0
101021610,0.0
101021611,0.0
101031013,0.4444444444444444
101031014,0.6666666666666666
101031015,0.6666666666666666
101031016,0.4444444444444444
101041017,0.2222222222222222
101041018,0.6666666666666666
101041019,0.6666666666666666
101041020,0.6666666666666666
101041021,0.6666666666666666
101041022,0.8888888888888888
101041023,0.2222222222222222
101041024,0.8888888888888888
101041025,0.8888888888888888
101041026,0.8888888888888888
101041027,0.6666666666666666
101051539,0.4444444444444444
101051540,0.8888888888888888
101061541,0.8888888888888888
101061542,0.0
101061543,0.2222222222222222
101061544,0.4444444444444444
102011028,0.2222222222222222
102011029,0.4444444444444444
102011030,0.8888888888888888
102011031,0.6666666666666666
102011032,0.6666666666666666
102011033,0.6666666666666666
102011034,0.8888888888888888
102011035,0.8888888888888888
102011036,0.6666666666666666
102011037,0.6666666666666666
102011038,0.4444444444444444
102011039,0.2222222222222222
102011040,0.6666666666666666
102011041,0.2222222222222222
102011042,0.4444444444444444
102011043,0.6666666666666666
102021044,0.6666666666666666
102021045,0.2222222222222222
102021046,0.4444444444444444
102021047,0.8888888888888888
102021048,0.2222222222222222
102021049,0.4444444444444444
102021050,0.4444444444444444
102021051,0.4444444444444444
102021052,0.6666666666666666
102021053,0.2222222222222222
102021054,0.2222222222222222
102021055,0.8888888888888888
102021056,0.8888888888888888
102021057,0.0
103011059,0.6666666666666666
103011060,0.4444444444444444
103011061,0.4444444444444444
103011612,0.2222222222222222
103011613,0.8888888888888888
103021062,0.4444444444444444
103021063,0.2222222222222222
103021064,0.6666666666666666
103021065,0.4444444444444444
103021066,0.4444444444444444
103021067,0.2222222222222222
103021068,0.4444444444444444
103021069,0.8888888888888888
103031070,0.2222222222222222
103031071,0.4444444444444444
103031072,0.6666666666666666
103031073,0.0
103031074,0.6666666666666666
103041076,0.6666666666666666
103041077,0.4444444444444444
103041078,0.8888888888888888
103041079,0.4444444444444444
104011080,0.2222222222222222
104011081,0.4444444444444444
104011082,0.4444444444444444
104021083,0.8888888888888888
104021084,0.2222222222222222
104021085,0.2222222222222222
104021086,0.8888888888888888
104021087,0.4444444444444444
104021088,0.4444444444444444
104021089,0.6666666666666666
104021090,0.4444444444444444
104021091,0.6666666666666666
105011092,0.2222222222222222
105011093,0.4444444444444444
105011094,0.0
105011095,0.4444444444444444
105011096,0.0
105021097,0.2222222222222222
105021098,0.0
105031099,0.2222222222222222
105031100,0.6666666666666666
105031101,0.8888888888888888
105031102,0.6666666666666666
105031103,0.6666666666666666
105031104,0.2222222222222222
105031105,0.4444444444444444
105031106,0.2222222222222222
106011107,0.8888888888888888
106011108,0.0
106011109,0.8888888888888888
106011110,0.8888888888888888
106011111,0.2222222222222222
106011112,0.6666666666666666
106011113,0.8888888888888888
106021114,0.6666666666666666
106021116,0.4444444444444444
106021614,0.6666666666666666
106021615,0.6666666666666666
106021616,0.2222222222222222
106021617,0.6666666666666666
106021618,0.6666666666666666
106031119,0.8888888888888888
106031120,0.2222222222222222
106031121,0.8888888888888888
106031122,0.0
106031123,0.4444444444444444
106031124,0.8888888888888888
106031125,0.8888888888888888
106041126,0.2222222222222222
106041127,0.8888888888888888
106041128,0.6666666666666666
106041129,0.6666666666666666
107011131,0.4444444444444444
107011132,0.4444444444444444
107011134,0.8888888888888888
107011545,0.0
107011546,0.0
107011547,0.2222222222222222
107031136,0.6666666666666666
107031137,0.2222222222222222
107031138,0.4444444444444444
107031139,0.2222222222222222
107031140,0.2222222222222222
107031141,0.6666666666666666
107031142,0.6666666666666666
107031143,0.0
107041144,0.8888888888888888
107041145,0.4444444444444444
107041146,0.6666666666666666
107041147,0.0
107041148,0.0
107041150,0.6666666666666666
107041548,0.8888888888888888
107041549,0.6666666666666666
108011151,0.2222222222222222
108011152,0.4444444444444444
108011153,0.6666666666666666
108011154,0.2222222222222222
108021155,0.0
108021156,0.2222222222222222
108021157,0.2222222222222222
108021158,0.0
108021159,0.4444444444444444
108021160,0.4444444444444444
108031161,0.4444444444444444
108041162,0.6666666666666666
108041164,0.4444444444444444
108041165,0.6666666666666666
108041166,0.4444444444444444
108041619,0.8888888888888888
108041620,0.8888888888888888
108051167,0.2222222222222222
108051168,0.8888888888888888
108051169,0.0
108051170,0.4444444444444444
108051171,0.2222222222222222
109011172,0.6666666666666666
109011173,0.2222222222222222
109011174,0.6666666666666666
109011175,0.8888888888888888
109011176,0.0
109021177,0.4444444444444444
109021178,0.4444444444444444
109021179,0.4444444444444444
109031180,0.4444444444444444
109031181,0.6666666666666666
109031182,0.4444444444444444
109031183,0.6666666666666666
109031184,0.8888888888888888
109031185,0.4444444444444444
110011186,0.6666666666666666
110011187,0.6666666666666666
110011188,0.8888888888888888
110011189,0.8888888888888888
110021190,0.2222222222222222
110021191,0.2222222222222222
110021192,0.2222222222222222
110021193,0.4444444444444444
110021194,0.2222222222222222
110031195,0.2222222222222222
110031196,0.6666666666666666
110031197,0.4444444444444444
110031198,0.6666666666666666
110041199,0.4444444444444444
110041200,0.6666666666666666
110041201,0.2222222222222222
110041202,0.4444444444444444
110041203,0.6666666666666666
110041204,0.0
110041205,0.8888888888888888
111011206,0.8888888888888888
111011207,0.4444444444444444
111011208,0.8888888888888888
111011209,0.8888888888888888
111011210,0.0
111011211,0.6666666666666666
111011212,0.8888888888888888
111011213,0.2222222222222222
111011214,0.8888888888888888
111021215,0.4444444444444444
111021216,0.8888888888888888
111021217,0.8888888888888888
111021218,0.6666666666666666
111021219,0.6666666666666666
111021220,0.8888888888888888
111021221,0.8888888888888888
111031222,0.4444444444444444
111031223,0.0
111031224,0.8888888888888888
111031225,0.6666666666666666
111031226,0.6666666666666666
111031227,0.6666666666666666
111031228,0.2222222222222222
111031229,0.4444444444444444
111031231,0.2222222222222222
111031232,0.8888888888888888
111031233,0.6666666666666666
111031234,0.6666666666666666
111031235,0.6666666666666666
112011236,0.6666666666666666
112011237,0.8888888888888888
112011238,0.2222222222222222
112011239,0.8888888888888888
112011240,0.8888888888888888
112011241,0.4444444444444444
112011242,0.2222222222222222
112011243,0.8888888888888888
112021244,0.0
112021245,0.2222222222222222
112021246,0.4444444444444444
112021247,0.2222222222222222
112021248,0.2222222222222222
112021249,0.8888888888888888
112031250,0.8888888888888888
112031251,0.2222222222222222
112031252,0.8888888888888888
112031253,0.8888888888888888
112031254,0.6666666666666666
112031550,0.8888888888888888
112031551,0.4444444444444444
112031552,0.2222222222222222
113011256,0.4444444444444444
113011257,0.8888888888888888
113011258,0.4444444444444444
113011259,0.2222222222222222
113021260,0.4444444444444444
113021261,0.2222222222222222
113021262,0.6666666666666666
113031263,0.4444444444444444
113031264,0.4444444444444444
113031265,0.2222222222222222
113031266,0.4444444444444444
113031267,0.8888888888888888
113031268,0.4444444444444444
113031269,0.4444444444444444
113031270,0.2222222222222222
113031271,0.8888888888888888
114011272,0.6666666666666666
114011273,0.8888888888888888
114011274,0.6666666666666666
114011275,0.0
114011276,0.4444444444444444
114011277,0.6666666666666666
114011278,0.2222222222222222
114011279,0.4444444444444444
114011280,0.4444444444444444
114011281,0.6666666666666666
114011282,0.8888888888888888
114011283,0.8888888888888888
114021284,0.2222222222222222
114021285,0.8888888888888888
114021286,0.8888888888888888
114021287,0.8888888888888888
114021288,0.2222222222222222
114021289,0.4444444444444444
115011290,0.2222222222222222
115011291,0.0
115011294,0.0
115011296,0.0
115011553,0.2222222222222222
115011554,0.4444444444444444
115011555,0.0
115011556,0.2222222222222222
115011557,0.0
115011558,0.0
115011621,0.0
115011622,0.0
115021297,0.0
115021298,0.0
115031299,0.6666666666666666
115031300,0.4444444444444444
115041301,0.4444444444444444
115041623,0.0
115041624,0.0
115041625,0.0
116011303,0.4444444444444444
116011304,0.4444444444444444
116011306,0.4444444444444444
116011307,0.8888888888888888
116011560,0.4444444444444444
116011561,0.4444444444444444
116011626,0.8888888888888888
116011627,0.6666666666666666
116021309,0.2222222222222222
116021562,0.2222222222222222
116021563,0.4444444444444444
116021628,0.0
116021629,0.0
116021630,0.8888888888888888
116021631,0.0
116021632,0.2222222222222222
116021633,0.2222222222222222
116031313,0.0
116031314,0.6666666666666666
116031315,0.6666666666666666
116031316,0.0
116031317,0.0
116031319,0.6666666666666666
117011320,0.2222222222222222
117011321,0.4444444444444444
117011323,0.6666666666666666
117011634,0.2222222222222222
117011635,0.6666666666666666
117021327,0.2222222222222222
117021328,0.4444444444444444
117021636,0.6666666666666666
117021637,0.8888888888888888
117031329,0.4444444444444444
117031330,0.0
117031331,0.8888888888888888
117031333,0.4444444444444444
117031336,0.6666666666666666
117031638,0.0
117031639,0.8888888888888888
117031640,0.2222222222222222
117031641,0.6666666666666666
117031642,0.6666666666666666
117031643,0.2222222222222222
117031644,0.4444444444444444
117031645,0.2222222222222222
117031646,0.4444444444444444
117031647,0.4444444444444444
117031648,0.2222222222222222
118011339,0.0
118011340,0.0
118011341,0.2222222222222222
118011344,0.0
118011345,0.0
118011346,0.0
118011347,0.0
118011649,0.0
118011650,0.0
118021564,0.2222222222222222
118021565,0.6666666666666666
118021566,0.2222222222222222
118021567,0.6666666666666666
118021568,0.4444444444444444
118021569,0.0
118021570,0.0
118021651,0.0
118021652,0.6666666666666666
118021653,0.8888888888888888
118021654,0.8888888888888888
119011354,0.0
119011355,0.8888888888888888
119011356,0.2222222222222222
119011358,0.8888888888888888
119011360,0.6666666666666666
119011361,0.0
119011571,0.0
119011572,0.0
119011655,0.0
119011656,0.0
119011657,0.8888888888888888
119011658,0.6666666666666666
119021362,0.2222222222222222
119021366,0.0
119021367,0.4444444444444444
119021573,0.0
119021574,0.0
119021659,0.0
119021660,0.0
119021661,0.6666666666666666
119021662,0.6666666666666666
119021663,0.8888888888888888
119031370,0.4444444444444444
119031371,0.2222222222222222
119031372,0.6666666666666666
119031373,0.0
119031374,0.8888888888888888
119031664,0.2222222222222222
119031665,0.6666666666666666
119031666,0.4444444444444444
119031667,0.6666666666666666
119041377,0.8888888888888888
119041378,0.8888888888888888
119041379,0.8888888888888888
119041380,0.8888888888888888
119041381,0.6666666666666666
119041382,0.8888888888888888
119041668,0.6666666666666666
119041669,0.8888888888888888
119041670,0.6666666666666666
119041671,0.6666666666666666
120011383,0.2222222222222222
120011385,0.0
120011386,0.4444444444444444
120011672,0.4444444444444444
120011673,0.4444444444444444
120021387,0.0
120021389,0.0
120021674,0.0
120021675,0.2222222222222222
120031392,0.6666666666666666
120031393,0.8888888888888888
120031394,0.4444444444444444
120031395,0.2222222222222222
120031396,0.8888888888888888
120031576,0.6666666666666666
120031676,0.8888888888888888
120031677,0.8888888888888888
120031678,0.2222222222222222
120031679,0.8888888888888888
120031680,0.6666666666666666
120031681,0.2222222222222222
121011399,0.2222222222222222
121011401,0.0
121011682,0.4444444444444444
121011683,0.0
121011684,0.8888888888888888
121011685,0.0
121011686,0.0
121011687,0.0
121021403,0.2222222222222222
121021404,0.0
121021406,0.0
121021577,0.8888888888888888
121021578,0.2222222222222222
121021579,0.6666666666666666
121031407,0.0
121031408,0.0
121031409,0.0
121031410,0.0
121031411,0.0
121031412,0.0
121041413,0.0
121041414,0.0
121041416,0.2222222222222222
121041417,0.0
121041688,0.0
121041689,0.0
122011418,0.0
122011419,0.0
122021420,0.0
122021421,0.0
122021422,0.0
122021690,0.2222222222222222
122021691,0.2222222222222222
122031424,0.4444444444444444
122031425,0.2222222222222222
122031427,0.0
122031429,0.0
122031430,0.0
122031432,0.0
122031692,0.0
122031693,0.0
122031694,0.2222222222222222
122031695,0.8888888888888888
122031696,0.0
122031697,0.4444444444444444
123011433,0.6666666666666666
123011698,0.8888888888888888
123011699,0.6666666666666666
123011700,0.2222222222222222
123011701,0.6666666666666666
123011702,0.4444444444444444
123021436,0.2222222222222222
123021437,0.4444444444444444
123021438,0.2222222222222222
123021441,0.4444444444444444
123021443,0.2222222222222222
123021444,0.2222222222222222
123021703,0.4444444444444444
123021704,0.8888888888888888
123021705,0.4444444444444444
123021706,0.0
123031445,0.8888888888888888
123031446,0.2222222222222222
123031447,0.8888888888888888
123031448,0.4444444444444444
124011449,0.8888888888888888
124011450,0.2222222222222222
124011452,0.8888888888888888
124011453,0.6666666666666666
124011454,0.2222222222222222
124011455,0.6666666666666666
124031457,0.6666666666666666
124031459,0.4444444444444444
124031460,0.4444444444444444
124031461,0.8888888888888888
124031462,0.4444444444444444
124031463,0.2222222222222222
124031464,0.2222222222222222
124031465,0.6666666666666666
124031707,0.8888888888888888
124031708,0.4444444444444444
124041466,0.8888888888888888
124041467,0.6666666666666666
124041468,0.8888888888888888
124051469,0.8888888888888888
124051470,0.8888888888888888
124051580,0.2222222222222222
124051581,0.0
125011582,0.0
125011583,0.0
125011584,0.0
125011585,0.0
125011586,0.2222222222222222
125011587,0.0
125011709,0.4444444444444444
125011710,0.4444444444444444
125021477,0.8888888888888888
125021478,0.8888888888888888
125021711,0.4444444444444444
125021712,0.6666666666666666
125031479,0.0
125031480,0.0
125031481,0.0
125031483,0.0
125031484,0.0
125031713,0.8888888888888888
125031714,0.0
125031715,0.6666666666666666
125031716,0.4444444444444444
125041489,0.8888888888888888
125041490,0.0
125041491,0.6666666666666666
125041493,0.8888888888888888
125041494,0.2222222222222222
125041588,0.8888888888888888
125041589,0.8888888888888888
125041717,0.8888888888888888
125041718,0.4444444444444444
125041719,0.4444444444444444
126011496,0.0
126011720,0.2222222222222222
126011721,0.4444444444444444
126021498,0.0
126021499,0.0
126021500,0.6666666666666666
126021501,0.2222222222222222
126021503,0.4444444444444444
126021590,0.0
126021722,0.0
126021723,0.8888888888888888
126021724,0.6666666666666666
126021725,0.4444444444444444
127011504,0.0
127011505,0.8888888888888888
127011592,0.0
127011593,0.6666666666666666
127011594,0.0
127011595,0.2222222222222222
127011596,0.6666666666666666
127011597,0.8888888888888888
127011726,0.2222222222222222
127011727,0.4444444444444444
127011728,0.6666666666666666
127011729,0.6666666666666666
127021509,0.0
127021510,0.2222222222222222
127021511,0.0
127021512,0.0
127021513,0.0
127021514,0.0
127021515,0.0
127021516,0.0
127021517,0.0
127021518,0.8888888888888888
127021519,0.0
127021520,0.0
127031522,0.2222222222222222
127031523,0.8888888888888888
127031524,0.4444444444444444
127031599,0.0
127031601,0.0
127031730,0.6666666666666666
127031731,0.0
127031732,0.0
127031733,0.8888888888888888
128011529,0.0
128011530,0.6666666666666666
128011531,0.2222222222222222
128011602,0.6666666666666666
128011603,0.0
128011604,0.2222222222222222
128011605,0.0
128011606,0.0
128021533,0.2222222222222222
128021534,0.0
128021535,0.0
128021536,0.0
128021538,0.4444444444444444
128021607,0.2222222222222222
128021608,0.0
128021609,0.0
201011001,0.6666666666666666
201011002,0.6666666666666666
201011005,0.2222222222222222
201011006,0.6666666666666666
201011007,0.4444444444444444
201011008,0.2222222222222222
201011481,0.4444444444444444
201011482,0.6666666666666666
201011483,0.6666666666666666
201011484,0.0
201021009,0.8888888888888888
201021010,0.6666666666666666
201021011,0.8888888888888888
201021012,0.6666666666666666
201031013,0.2222222222222222
201031014,0.4444444444444444
201031015,0.8888888888888888
201031016,0.0
201031017,0.2222222222222222
202011018,0.2222222222222222
202011019,0.2222222222222222
202011020,0.8888888888888888
202011021,0.8888888888888888
202011022,0.4444444444444444
202011023,0.2222222222222222
202011024,0.2222222222222222
202011025,0.8888888888888888
202021026,0.2222222222222222
202021027,0.8888888888888888
202021028,0.8888888888888888
202021029,0.4444444444444444
202021030,0.6666666666666666
202021031,0.2222222222222222
202031032,0.8888888888888888
202031033,0.4444444444444444
203011034,0.4444444444444444
203011035,0.6666666666666666
203011036,0.4444444444444444
203021037,0.8888888888888888
203021039,0.8888888888888888
203021040,0.6666666666666666
203021042,0.2222222222222222
203021043,0.8888888888888888
203021044,0.8888888888888888
203021045,0.2222222222222222
203021046,0.2222222222222222
203021047,0.6666666666666666
203021485,0.4444444444444444
203021486,0.0
203021487,0.8888888888888888
203021488,0.0
203031048,0.8888888888888888
203031049,0.2222222222222222
203031051,0.8888888888888888
203031052,0.2222222222222222
203031053,0.0
203031489,0.2222222222222222
203031490,0.2222222222222222
204011054,0.6666666666666666
204011055,0.6666666666666666
204011056,0.8888888888888888
204011057,0.8888888888888888
204011058,0.6666666666666666
204011059,0.0
204011060,0.6666666666666666
204011061,0.2222222222222222
204011062,0.8888888888888888
204021063,0.4444444444444444
204021064,0.8888888888888888
204021065,0.6666666666666666
204021066,0.4444444444444444
204021067,0.6666666666666666
204031068,0.8888888888888888
204031069,0.6666666666666666
204031070,0.8888888888888888
204031071,0.6666666666666666
204031072,0.8888888888888888
204031073,0.4444444444444444
204031075,0.2222222222222222
204031491,0.4444444444444444
204031492,0.2222222222222222
205011076,0.6666666666666666
205011077,0.8888888888888888
205011078,0.8888888888888888
205011079,0.8888888888888888
205021081,0.4444444444444444
205021082,0.8888888888888888
205021084,0.4444444444444444
205021085,0.2222222222222222
205021086,0.6666666666666666
205031087,0.8888888888888888
205031088,0.8888888888888888
205031089,0.8888888888888888
205031090,0.8888888888888888
205031091,0.8888888888888888
205031093,0.6666666666666666
205041094,0.6666666666666666
205041095,0.0
205041096,0.0
205041098,0.8888888888888888
205041493,0.4444444444444444
205041494,0.8888888888888888
205051100,0.6666666666666666
205051101,0.6666666666666666
205051102,0.6666666666666666
205051103,0.4444444444444444
205051104,0.2222222222222222
206011106,0.2222222222222222
206011107,0.6666666666666666
206011109,0.2222222222222222
206011495,0.4444444444444444
206011496,0.2222222222222222
206011497,0.8888888888888888
206011498,0.6666666666666666
206021110,0.2222222222222222
206021112,0.6666666666666666
206021499,0.4444444444444444
206021500,0.2222222222222222
206031113,0.8888888888888888
206031115,0.2222222222222222
206031116,0.2222222222222222
206031501,0.2222222222222222
206031502,0.2222222222222222
206041117,0.4444444444444444
206041118,0.6666666666666666
206041119,0.0
206041120,0.0
206041121,0.6666666666666666
206041124,0.4444444444444444
206041125,0.0
206041503,0.8888888888888888
206041504,0.4444444444444444
206041505,0.8888888888888888
206041506,0.6666666666666666
206041508,0.4444444444444444
206041509,0.4444444444444444
206041510,0.6666666666666666
206051128,0.2222222222222222
206051129,0.2222222222222222
206051130,0.4444444444444444
206051134,0.2222222222222222
206051511,0.2222222222222222
206051512,0.8888888888888888
206051513,0.6666666666666666
206051514,0.4444444444444444
206061135,0.0
206061136,0.2222222222222222
206061138,0.0
206061515,0.0
206061516,0.8888888888888888
206071139,0.2222222222222222
206071140,0.0
206071141,0.4444444444444444
206071142,0.6666666666666666
206071143,0.2222222222222222
206071145,0.0
206071517,0.0
206071518,0.6666666666666666
207011146,0.2222222222222222
207011147,0.4444444444444444
207011148,0.2222222222222222
207011149,0.0
207011150,0.0
207011152,0.0
207011154,0.0
207011155,0.0
207011519,0.0
207011520,0.0
207011521,0.0
207011522,0.2222222222222222
207021156,0.6666666666666666
207021157,0.8888888888888888
207021159,0.2222222222222222
207021160,0.4444444444444444
207021424,0.4444444444444444
207021425,0.8888888888888888
207031161,0.2222222222222222
207031162,0.4444444444444444
207031163,0.6666666666666666
207031164,0.6666666666666666
207031165,0.8888888888888888
207031166,0.8888888888888888
207031167,0.0
208011168,0.0
208011169,0.0
208011170,0.0
208011171,0.2222222222222222
208011172,0.2222222222222222
208011173,0.0
208021174,0.2222222222222222
208021176,0.4444444444444444
208021177,0.2222222222222222
208021178,0.2222222222222222
208021179,0.2222222222222222
208021180,0.4444444444444444
208021181,0.2222222222222222
208021182,0.2222222222222222
208021426,0.2222222222222222
208021427,0.2222222222222222
208031183,0.2222222222222222
208031185,0.6666666666666666
208031186,0.6666666666666666
208031187,0.6666666666666666
208031188,0.6666666666666666
208031189,0.2222222222222222
208031190,0.4444444444444444
208031191,0.4444444444444444
208031193,0.2222222222222222
208041194,0.0
208041195,0.0
209011196,0.8888888888888888
209011197,0.2222222222222222
209011198,0.2222222222222222
209011199,0.4444444444444444
209011200,0.2222222222222222
209011201,0.0
209011202,0.2222222222222222
209011203,0.2222222222222222
209011204,0.6666666666666666
209021205,0.8888888888888888
209021428,0.8888888888888888
209021429,0.6666666666666666
209021523,0.6666666666666666
209021524,0.4444444444444444
209021525,0.4444444444444444
209021526,0.8888888888888888
209031209,0.0
209031210,0.2222222222222222
209031211,0.6666666666666666
209031212,0.0
209031213,0.0
209031214,0.0
209031215,0.2222222222222222
209041216,0.8888888888888888
209041217,0.6666666666666666
209041220,0.8888888888888888
209041221,0.6666666666666666
209041223,0.0
209041224,0.8888888888888888
209041225,0.8888888888888888
209041431,0.4444444444444444
209041432,0.2222222222222222
209041433,0.6666666666666666
209041435,0.4444444444444444
209041436,0.8888888888888888
209041437,0.8888888888888888
209041527,0.4444444444444444
209041528,0.6666666666666666
209041529,0.0
209041530,0.2222222222222222
209041531,0.8888888888888888
209041532,0.6666666666666666
210011226,0.8888888888888888
210011228,0.4444444444444444
210011230,0.2222222222222222
210011231,0.0
210011533,0.8888888888888888
210011534,0.6666666666666666
210021232,0.2222222222222222
210021233,0.0
210021234,0.2222222222222222
210021235,0.6666666666666666
210031236,0.8888888888888888
210031237,0.2222222222222222
210031439,0.2222222222222222
210031440,0.4444444444444444
210031535,0.2222222222222222
210031536,0.8888888888888888
210031537,0.4444444444444444
210031538,0.6666666666666666
210041240,0.6666666666666666
210041539,0.6666666666666666
210041540,0.8888888888888888
210041541,0.6666666666666666
210051242,0.0
210051243,0.0
210051245,0.6666666666666666
210051246,0.6666666666666666
210051247,0.0
210051248,0.4444444444444444
210051250,0.4444444444444444
210051441,0.2222222222222222
210051442,0.4444444444444444
210051443,0.2222222222222222
210051445,0.8888888888888888
210051542,0.4444444444444444
210051543,0.2222222222222222
210051544,0.0
210051545,0.0
211011251,0.8888888888888888
211011254,0.4444444444444444
211011255,0.0
211011256,0.4444444444444444
211011257,0.2222222222222222
211011258,0.2222222222222222
211011259,0.6666666666666666
211011260,0.6666666666666666
211011446,0.8888888888888888
211011447,0.8888888888888888
211011448,0.6666666666666666
211011449,0.4444444444444444
211021261,0.2222222222222222
211021262,0.0
211031263,0.8888888888888888
211031265,0.2222222222222222
211031266,0.8888888888888888
211031267,0.6666666666666666
211031268,0.2222222222222222
211031450,0.8888888888888888
211031451,0.6666666666666666
211031452,0.6666666666666666
211041269,0.8888888888888888
211041270,0.4444444444444444
211041271,0.6666666666666666
211041272,0.4444444444444444
211041273,0.4444444444444444
211051274,0.2222222222222222
211051275,0.4444444444444444
211051276,0.8888888888888888
211051277,0.8888888888888888
211051278,0.6666666666666666
211051279,0.4444444444444444
211051280,0.2222222222222222
211051281,0.8888888888888888
211051282,0.2222222222222222
211051283,0.4444444444444444
211051284,0.2222222222222222
211051285,0.4444444444444444
211051286,0.8888888888888888
212011289,0.2222222222222222
212011546,0.4444444444444444
212011547,0.6666666666666666
212011548,0.8888888888888888
212011549,0.6666666666666666
212011550,0.8888888888888888
212011551,0.4444444444444444
212011552,0.6666666666666666
212021293,0.4444444444444444
212021295,0.0
212021297,0.2222222222222222
212021299,0.2222222222222222
212021453,0.8888888888888888
212021454,0.8888888888888888
212021455,0.8888888888888888
212021456,0.4444444444444444
212021553,0.4444444444444444
212021554,0.6666666666666666
212031300,0.2222222222222222
212031303,0.4444444444444444
212031304,0.6666666666666666
212031306,0.8888888888888888
212031308,0.6666666666666666
212031457,0.8888888888888888
212031458,0.4444444444444444
212031555,0.2222222222222222
212031556,0.6666666666666666
212031557,0.8888888888888888
212031558,0.8888888888888888
212031559,0.8888888888888888
212031560,0.2222222222222222
212031561,0.2222222222222222
212031562,0.0
212041309,0.6666666666666666
212041310,0.4444444444444444
212041312,0.2222222222222222
212041313,0.2222222222222222
212041316,0.2222222222222222
212041317,0.0
212041318,0.0
212041459,0.2222222222222222
212041460,0.0
212041563,0.0
212041564,0.0
212041565,0.2222222222222222
212041566,0.6666666666666666
212051319,0.6666666666666666
212051321,0.4444444444444444
212051322,0.6666666666666666
212051323,0.2222222222222222
212051324,0.2222222222222222
212051325,0.6666666666666666
212051326,0.6666666666666666
212051327,0.2222222222222222
212051567,0.6666666666666666
212051568,0.6666666666666666
213011328,0.2222222222222222
213011329,0.4444444444444444
213011331,0.0
213011332,0.4444444444444444
213011333,0.0
213011334,0.0
213011335,0.0
213011336,0.2222222222222222
213011337,0.0
213011338,0.0
213011339,0.6666666666666666
213011340,0.6666666666666666
213011569,0.0
213011570,0.6666666666666666
213021341,0.6666666666666666
213021342,0.6666666666666666
213021343,0.4444444444444444
213021344,0.2222222222222222
213021345,0.8888888888888888
213021346,0.2222222222222222
213031347,0.2222222222222222
213031348,0.6666666666666666
213031349,0.6666666666666666
213031350,0.4444444444444444
213031351,0.8888888888888888
213031352,0.2222222222222222
213041353,0.8888888888888888
213041358,0.2222222222222222
213041359,0.6666666666666666
213041360,0.6666666666666666
213041461,0.6666666666666666
213041462,0.8888888888888888
213041463,0.8888888888888888
213041571,0.4444444444444444
213041572,0.8888888888888888
213041573,0.0
213041574,0.6666666666666666
213041575,0.6666666666666666
213041576,0.4444444444444444
213041577,0.0
213041578,0.0
213051361,0.4444444444444444
213051362,0.2222222222222222
213051363,0.8888888888888888
213051368,0.8888888888888888
213051464,0.4444444444444444
213051466,0.2222222222222222
213051467,0.0
213051468,0.8888888888888888
213051579,0.6666666666666666
213051580,0.6666666666666666
213051581,0.4444444444444444
213051582,0.8888888888888888
213051583,0.8888888888888888
213051584,0.6666666666666666
213051585,0.6666666666666666
213051586,0.6666666666666666
213051587,0.4444444444444444
213051588,0.8888888888888888
213051589,0.6666666666666666
213051590,0.4444444444444444
214011370,0.6666666666666666
214011371,0.6666666666666666
214011372,0.2222222222222222
214011373,0.2222222222222222
214011374,0.6666666666666666
214011375,0.8888888888888888
214011376,0.4444444444444444
214021377,0.8888888888888888
214021378,0.0
214021379,0.8888888888888888
214021381,0.0
214021382,0.2222222222222222
214021383,0.6666666666666666
214021384,0.6666666666666666
214021385,0.6666666666666666
214021591,0.8888888888888888
214021592,0.6666666666666666
215011386,0.2222222222222222
215011387,0.8888888888888888
215011388,0.6666666666666666
215011389,0.4444444444444444
215011390,0.4444444444444444
215011391,0.4444444444444444
215011392,0.4444444444444444
215011393,0.6666666666666666
215011394,0.2222222222222222
215021395,0.8888888888888888
215021396,0.4444444444444444
215021398,0.6666666666666666
215021399,0.2222222222222222
215021469,0.0
215021470,0.4444444444444444
215031400,0.6666666666666666
215031401,0.6666666666666666
215031402,0.2222222222222222
215031403,0.0
215031404,0.4444444444444444
215031405,0.6666666666666666
216011406,0.4444444444444444
216011407,0.4444444444444444
216011408,0.8888888888888888
216011409,0.4444444444444444
216011410,0.2222222222222222
216021411,0.2222222222222222
216021412,0.6666666666666666
216021413,0.4444444444444444
216021414,0.6666666666666666
216031415,0.0
216031416,0.4444444444444444
216031418,0.6666666666666666
216031419,0.6666666666666666
216031593,0.6666666666666666
216031594,0.0
217011420,0.6666666666666666
217011421,0.6666666666666666
217011422,0.2222222222222222
217011423,0.8888888888888888
217031471,0.4444444444444444
217031472,0.2222222222222222
217031473,0.8888888888888888
217031474,0.4444444444444444
217031475,0.8888888888888888
217031476,0.8888888888888888
217041477,0.8888888888888888
217041478,0.6666666666666666
217041479,0.8888888888888888
217041480,0.8888888888888888
301011001,0.8888888888888888
301011002,0.2222222222222222
301011003,0.6666666666666666
301011004,0.8888888888888888
301011005,0.8888888888888888
301011006,0.4444444444444444
301021007,0.8888888888888888
301021008,0.4444444444444444
301021009,0.6666666666666666
301021011,0.0
301021012,0.4444444444444444
301021013,0.8888888888888888
301021550,0.6666666666666666
301021551,0.0
301031015,0.4444444444444444
301031016,0.6666666666666666
301031017,0.2222222222222222
301031018,0.6666666666666666
301031019,0.0
301031020,0.8888888888888888
301031021,0.8888888888888888
302011022,0.8888888888888888
302011023,0.0
302011024,0.2222222222222222
302011025,0.4444444444444444
302011026,0.0
302021027,0.4444444444444444
302021028,0.4444444444444444
302021029,0.4444444444444444
302021030,0.4444444444444444
302021031,0.2222222222222222
302021032,0.8888888888888888
302021033,0.6666666666666666
302021034,0.0
302031035,0.8888888888888888
302031037,0.2222222222222222
302031038,0.4444444444444444
302031039,0.4444444444444444
302031040,0.6666666666666666
302041041,0.8888888888888888
302041042,0.6666666666666666
302041043,0.8888888888888888
302041044,0.6666666666666666
302041045,0.6666666666666666
302041046,0.2222222222222222
303011047,0.0
303011048,0.2222222222222222
303011049,0.4444444444444444
303011050,0.8888888888888888
303011051,0.2222222222222222
303021052,0.6666666666666666
303021053,0.2222222222222222
303021054,0.6666666666666666
303021055,0.4444444444444444
303021056,0.6666666666666666
303021057,0.2222222222222222
303021058,0.6666666666666666
303021059,0.2222222222222222
303031060,0.8888888888888888
303031061,0.4444444444444444
303031062,0.8888888888888888
303031063,0.6666666666666666
303031064,0.2222222222222222
303031065,0.8888888888888888
303031066,0.6666666666666666
303041067,0.6666666666666666
303041068,0.6666666666666666
303041069,0.6666666666666666
303041070,0.4444444444444444
303041071,0.0
303051072,0.8888888888888888
303051073,0.8888888888888888
303051074,0.4444444444444444
303051075,0.6666666666666666
303051076,0.0
303061077,0.8888888888888888
303061078,0.8888888888888888
303061079,0.4444444444444444
303061080,0.6666666666666666
304011081,0.2222222222222222
304011082,0.2222222222222222
304011083,0.4444444444444444
304011084,0.0
304011085,0.0
304021086,0.0
304021087,0.0
304021088,0.0
304021089,0.0
304021090,0.0
304021091,0.0
304031092,0.0
304031093,0.2222222222222222
304031094,0.4444444444444444
304031095,0.2222222222222222
304031096,0.6666666666666666
304031097,0.2222222222222222
304041098,0.4444444444444444
304041099,0.4444444444444444
304041100,0.8888888888888888
304041101,0.4444444444444444
304041103,0.0
304041104,0.0
305011105,0.8888888888888888
305011106,0.6666666666666666
305011107,0.6666666666666666
305011108,0.4444444444444444
305011109,0.2222222222222222
305011110,0.8888888888888888
305011111,0.8888888888888888
305011112,0.4444444444444444
305021113,0.0
305021114,0.0
305021115,0.6666666666666666
305021116,0.0
305021117,0.2222222222222222
305021118,0.0
305031119,0.2222222222222222
305031120,0.0
305031121,0.2222222222222222
305031122,0.2222222222222222
305031123,0.0
305031124,0.2222222222222222
305031125,0.0
305031126,0.8888888888888888
305031127,0.2222222222222222
305031128,0.0
305031129,0.0
305031130,0.2222222222222222
305031131,0.2222222222222222
305041132,0.0
305041133,0.0
305041134,0.0
305041135,0.0
305041136,0.0
305041137,0.2222222222222222
306011138,0.4444444444444444
306011139,0.6666666666666666
306011140,0.4444444444444444
306011141,0.4444444444444444
306011142,0.6666666666666666
306011143,0.4444444444444444
306021144,0.6666666666666666
306021145,0.4444444444444444
306021146,0.8888888888888888
306021147,0.4444444444444444
306021148,0.8888888888888888
306021149,0.4444444444444444
306021151,0.0
306021152,0.0
306021153,0.8888888888888888
306021154,0.0
306021155,0.2222222222222222
306021156,0.8888888888888888
306021157,0.0
306031158,0.6666666666666666
306031159,0.0
306031160,0.4444444444444444
306031161,0.2222222222222222
306031163,0.0
306041164,0.4444444444444444
306041165,0.8888888888888888
306051166,0.4444444444444444
306051167,0.0
306051168,0.4444444444444444
306051169,0.8888888888888888
306051170,0.2222222222222222
307011171,0.2222222222222222
307011172,0.4444444444444444
307011173,0.6666666666666666
307011174,0.2222222222222222
307011175,0.4444444444444444
307011176,0.6666666666666666
307011177,0.8888888888888888
307011178,0.0
307021179,0.4444444444444444
307021180,0.2222222222222222
307021181,0.2222222222222222
307021182,0.6666666666666666
307021183,0.4444444444444444
307031184,0.6666666666666666
307031185,0.6666666666666666
307031186,0.4444444444444444
307031187,0.2222222222222222
307031188,0.4444444444444444
307031189,0.2222222222222222
308011190,0.0
308011191,0.6666666666666666
308011192,0.8888888888888888
308031205,0.0
308031206,0.4444444444444444
308031207,0.4444444444444444
308031208,0.8888888888888888
308031209,0.2222222222222222
308031210,0.4444444444444444
308031211,0.2222222222222222
308031212,0.0
308031213,0.8888888888888888
308031214,0.2222222222222222
308031215,0.4444444444444444
308031216,0.4444444444444444
308031217,0.0
308031218,0.8888888888888888
308031219,0.8888888888888888
308031220,0.8888888888888888
308031221,0.0
308031222,0.8888888888888888
308031223,0.8888888888888888
308041528,0.8888888888888888
308041529,0.6666666666666666
308051530,0.2222222222222222
308051531,0.8888888888888888
308051532,0.0
308051533,0.4444444444444444
308051534,0.0
308051535,0.6666666666666666
308051536,0.4444444444444444
308051538,0.6666666666666666
308051539,0.0
309011224,0.4444444444444444
309011225,0.6666666666666666
309011226,0.4444444444444444
309011227,0.6666666666666666
309011228,0.6666666666666666
309011229,0.6666666666666666
309021230,0.8888888888888888
309021231,0.6666666666666666
309021232,0.8888888888888888
309021233,0.6666666666666666
309021234,0.6666666666666666
309031235,0.8888888888888888
309031236,0.6666666666666666
309031237,0.4444444444444444
309031238,0.2222222222222222
309031239,0.4444444444444444
309031240,0.8888888888888888
309041241,0.6666666666666666
309041242,0.6666666666666666
309051243,0.4444444444444444
309051244,0.4444444444444444
309051245,0.2222222222222222
309061246,0.8888888888888888
309061247,0.8888888888888888
309061248,0.6666666666666666
309061249,0.8888888888888888
309061250,0.4444444444444444
309071251,0.8888888888888888
309071252,0.6666666666666666
309071253,0.4444444444444444
309071254,0.8888888888888888
309071256,0.6666666666666666
309071552,0.8888888888888888
309071553,0.4444444444444444
309071554,0.8888888888888888
309071555,0.6666666666666666
309071556,0.4444444444444444
309071557,0.8888888888888888
309071558,0.8888888888888888
309081259,0.4444444444444444
309081260,0.8888888888888888
309081262,0.8888888888888888
309081559,0.6666666666666666
309081560,0.8888888888888888
309091263,0.8888888888888888
309091264,0.8888888888888888
309091265,0.8888888888888888
309091540,0.2222222222222222
309091541,0.4444444444444444
309101267,0.6666666666666666
309101268,0.4444444444444444
309101269,0.4444444444444444
309101561,0.6666666666666666
309101562,0.6666666666666666
310011271,0.4444444444444444
310011272,0.2222222222222222
310011274,0.0
310011275,0.4444444444444444
310011276,0.0
310011563,0.6666666666666666
310011564,0.8888888888888888
310021277,0.8888888888888888
310021278,0.2222222222222222
310021280,0.2222222222222222
310021281,0.2222222222222222
310021282,0.4444444444444444
310031283,0.2222222222222222
310031284,0.2222222222222222
310031285,0.4444444444444444
310031286,0.2222222222222222
310031287,0.2222222222222222
310031288,0.4444444444444444
310031289,0.2222222222222222
310031290,0.0
310031291,0.0
310031292,0.2222222222222222
310031293,0.4444444444444444
310031294,0.4444444444444444
310031295,0.0
310041297,0.4444444444444444
310041299,0.2222222222222222
310041300,0.0
310041302,0.0
310041303,0.8888888888888888
310041304,0.6666666666666666
310041565,0.0
310041566,0.6666666666666666
311011305,0.2222222222222222
311021306,0.0
311021307,0.0
311021308,0.6666666666666666
311021309,0.6666666666666666
311021310,0.8888888888888888
311031311,0.4444444444444444
311031312,0.2222222222222222
311031313,0.4444444444444444
311031314,0.0
311031316,0.6666666666666666
311031317,0.0
311031318,0.8888888888888888
311031319,0.6666666666666666
311041322,0.8888888888888888
311041567,0.8888888888888888
311041568,0.4444444444444444
311041569,0.8888888888888888
311041570,0.8888888888888888
311041571,0.2222222222222222
311051323,0.2222222222222222
311051324,0.4444444444444444
311051325,0.8888888888888888
311051326,0.0
311051327,0.4444444444444444
311051328,0.0
311061329,0.6666666666666666
311061330,0.0
311061331,0.0
311061332,0.6666666666666666
311061333,0.0
311061334,0.8888888888888888
311061335,0.8888888888888888
311061336,0.0
312011337,0.2222222222222222
312011338,0.6666666666666666
312011339,0.8888888888888888
312011340,0.2222222222222222
312011341,0.6666666666666666
312021342,0.6666666666666666
312021343,0.6666666666666666
312021344,0.6666666666666666
312021346,0.2222222222222222
312021347,0.8888888888888888
312021348,0.4444444444444444
312021349,0.4444444444444444
312021350,0.8888888888888888
312021351,0.8888888888888888
312021352,0.6666666666666666
312021353,0.8888888888888888
312021354,0.8888888888888888
312021355,0.2222222222222222
312021356,0.4444444444444444
312021357,0.8888888888888888
312021358,0.8888888888888888
312031359,0.8888888888888888
312031361,0.6666666666666666
313011362,0.4444444444444444
313011363,0.4444444444444444
313021364,0.4444444444444444
313021366,0.0
313021367,0.8888888888888888
313021368,0.2222222222222222
313021369,0.8888888888888888
313021572,0.0
313021573,0.2222222222222222
313031370,0.4444444444444444
313031371,0.6666666666666666
313041372,0.6666666666666666
313041373,0.0
313041374,0.8888888888888888
313041375,0.6666666666666666
313041376,0.4444444444444444
313051377,0.4444444444444444
313051378,0.2222222222222222
313051379,0.2222222222222222
313051380,0.2222222222222222
313051574,0.4444444444444444
313051575,0.6666666666666666
314011382,0.0
314011383,0.2222222222222222
314011384,0.2222222222222222
314011385,0.0
314011386,0.2222222222222222
314011387,0.0
314021389,0.8888888888888888
314021576,0.6666666666666666
314021577,0.2222222222222222
314021578,0.6666666666666666
314021579,0.6666666666666666
314031391,0.6666666666666666
314031392,0.4444444444444444
314031393,0.8888888888888888
314031394,0.4444444444444444
315011395,0.0
315011396,0.0
315011397,0.4444444444444444
315011398,0.0
315011399,0.0
315011400,0.2222222222222222
315011401,0.2222222222222222
315011402,0.0
315011403,0.4444444444444444
315021404,0.0
315021405,0.6666666666666666
315021406,0.4444444444444444
315021407,0.6666666666666666
315031408,0.6666666666666666
315031409,0.4444444444444444
315031410,0.4444444444444444
315031411,0.2222222222222222
315031412,0.8888888888888888
316011413,0.4444444444444444
316011414,0.4444444444444444
316011415,0.8888888888888888
316011416,0.8888888888888888
316021417,0.8888888888888888
316021418,0.6666666666666666
316021419,0.4444444444444444
316021421,0.8888888888888888
316021422,0.8888888888888888
316021423,0.8888888888888888
316021424,0.8888888888888888
316021580,0.8888888888888888
316021581,0.8888888888888888
316031425,0.6666666666666666
316031426,0.8888888888888888
316031427,0.8888888888888888
316031428,0.8888888888888888
316051434,0.4444444444444444
316051435,0.6666666666666666
316051437,0.4444444444444444
316051438,0.6666666666666666
316051543,0.2222222222222222
316051544,0.6666666666666666
316061439,0.6666666666666666
316061440,0.8888888888888888
316061441,0.8888888888888888
316061442,0.6666666666666666
316061443,0.8888888888888888
316061444,0.8888888888888888
316071545,0.6666666666666666
316071546,0.8888888888888888
316071547,0.8888888888888888
316071548,0.4444444444444444
316081549,0.8888888888888888
317011445,0.6666666666666666
317011446,0.4444444444444444
317011447,0.2222222222222222
317011448,0.0
317011449,0.6666666666666666
317011450,0.2222222222222222
317011451,0.8888888888888888
317011452,0.2222222222222222
317011453,0.0
317011454,0.2222222222222222
317011455,0.6666666666666666
317011456,0.4444444444444444
317011457,0.6666666666666666
317011458,0.8888888888888888
317011459,0.0
318011460,0.4444444444444444
318011461,0.6666666666666666
318011462,0.2222222222222222
318011463,0.6666666666666666
318011464,0.2222222222222222
318011465,0.6666666666666666
318011466,0.0
318021467,0.2222222222222222
318021468,0.4444444444444444
318021469,0.6666666666666666
318021470,0.2222222222222222
318021471,0.2222222222222222
318021472,0.4444444444444444
318021474,0.4444444444444444
318021475,0.2222222222222222
318021476,0.2222222222222222
318021477,0.0
318021478,0.4444444444444444
318021479,0.2222222222222222
318021480,0.2222222222222222
318021481,0.0
318021482,0.8888888888888888
318021483,0.6666666666666666
318021484,0.8888888888888888
318021485,0.6666666666666666
318021486,0.6666666666666666
318021487,0.4444444444444444
318021488,0.8888888888888888
318021489,0.6666666666666666
318021490,0.6666666666666666
318021491,0.4444444444444444
318021582,0.4444444444444444
318021583,0.4444444444444444
319011492,0.2222222222222222
319011493,0.8888888888888888
319011494,0.8888888888888888
319011495,0.0
319011496,0.2222222222222222
319011497,0.0
319011498,0.2222222222222222
319011499,0.2222222222222222
319011500,0.2222222222222222
319011501,0.0
319011502,0.0
319021503,0.0
319021504,0.0
319021505,0.2222222222222222
319021506,0.0
319021507,0.6666666666666666
319021508,0.2222222222222222
319021509,0.0
319031511,0.0
319031512,0.0
319031513,0.2222222222222222
319031514,0.4444444444444444
319031515,0.2222222222222222
319041516,0.4444444444444444
319041517,0.8888888888888888
319041518,0.2222222222222222
319041519,0.2222222222222222
319041520,0.2222222222222222
319041521,0.2222222222222222
319051522,0.2222222222222222
319051523,0.0
319051524,0.0
319051525,0.0
319051526,0.4444444444444444
401011001,0.6666666666666666
401011002,0.4444444444444444
401021003,0.4444444444444444
401021004,0.0
401021005,0.2222222222222222
401021006,0.4444444444444444
401021007,0.8888888888888888
401021008,0.6666666666666666
401021009,0.6666666666666666
401021010,0.0
401031011,0.2222222222222222
401031012,0.0
401031013,0.2222222222222222
401041014,0.2222222222222222
401041015,0.8888888888888888
401041016,0.8888888888888888
401051017,0.6666666666666666
401051018,0.8888888888888888
401051019,0.4444444444444444
401061020,0.4444444444444444
401061021,0.4444444444444444
401061022,0.2222222222222222
401071023,0.2222222222222222
401071024,0.2222222222222222
402011025,0.8888888888888888
402011026,0.4444444444444444
402011027,0.8888888888888888
402021028,0.4444444444444444
402021029,0.0
402021030,0.0
402021031,0.0
402021032,0.4444444444444444
402021033,0.2222222222222222
402021034,0.0
402021035,0.4444444444444444
402031036,0.2222222222222222
402031038,0.8888888888888888
402031175,0.8888888888888888
402031176,0.6666666666666666
402041040,0.4444444444444444
402041041,0.4444444444444444
402041043,0.0
402041044,0.0
402041046,0.0
402041047,0.2222222222222222
402041048,0.0
402041171,0.6666666666666666
402041172,0.2222222222222222
402051049,0.6666666666666666
402051050,0.6666666666666666
402051051,0.2222222222222222
402051052,0.6666666666666666
402051053,0.8888888888888888
402051054,0.4444444444444444
402051055,0.8888888888888888
403011056,0.6666666666666666
403011057,0.6666666666666666
403021058,0.6666666666666666
403021059,0.4444444444444444
403021060,0.4444444444444444
403021061,0.4444444444444444
403021062,0.8888888888888888
403021063,0.4444444444444444
403021064,0.6666666666666666
403031065,0.0
403031066,0.4444444444444444
403031067,0.0
403031068,0.4444444444444444
403031069,0.0
403031070,0.6666666666666666
403041071,0.4444444444444444
403041072,0.4444444444444444
403041073,0.0
403041074,0.2222222222222222
403041075,0.0
403041076,0.0
403041077,0.2222222222222222
403041078,0.4444444444444444
403041079,0.0
403041080,0.6666666666666666
403041083,0.6666666666666666
403041084,0.4444444444444444
403041085,0.2222222222222222
403041086,0.6666666666666666
403041088,0.4444444444444444
403041089,0.6666666666666666
403041177,0.6666666666666666
403041178,0.8888888888888888
404011090,0.8888888888888888
404011091,0.8888888888888888
404011092,0.4444444444444444
404011093,0.8888888888888888
404011094,0.4444444444444444
404011095,0.6666666666666666
404011096,0.8888888888888888
404011097,0.4444444444444444
404021099,0.8888888888888888
404021100,0.4444444444444444
404021101,0.2222222222222222
404021102,0.0
404031105,0.4444444444444444
404031106,0.8888888888888888
404031107,0.8888888888888888
404031108,0.8888888888888888
404031109,0.4444444444444444
405011110,0.8888888888888888
405011111,0.8888888888888888
405011112,0.6666666666666666
405011113,0.2222222222222222
405011114,0.6666666666666666
405011115,0.8888888888888888
405021116,0.8888888888888888
405021117,0.6666666666666666
405021118,0.2222222222222222
405021119,0.2222222222222222
405031120,0.6666666666666666
405031121,0.2222222222222222
405031122,0.0
405031123,0.4444444444444444
405041124,0.2222222222222222
405041125,0.2222222222222222
405041126,0.0
405041127,0.4444444444444444
405041128,0.2222222222222222
406011129,0.2222222222222222
406011130,0.8888888888888888
406011131,0.6666666666666666
406011132,0.6666666666666666
406011133,0.4444444444444444
406011134,0.4444444444444444
406011135,0.0
406011136,0.0
406021138,0.0
406021139,0.0
406021140,0.2222222222222222
406021141,0.2222222222222222
406021142,0.0
406021143,0.6666666666666666
407011144,0.4444444444444444
407011145,0.6666666666666666
407011146,0.8888888888888888
407011147,0.8888888888888888
407011148,0.4444444444444444
407011149,0.6666666666666666
407021150,0.8888888888888888
407021151,0.8888888888888888
407021152,0.2222222222222222
407021154,0.4444444444444444
407021155,0.6666666666666666
407021156,0.4444444444444444
407021157,0.6666666666666666
407021158,0.6666666666666666
407021173,0.2222222222222222
407021174,0.2222222222222222
407031159,0.2222222222222222
407031160,0.0
407031161,0.6666666666666666
407031162,0.4444444444444444
407031163,0.6666666666666666
407031164,0.2222222222222222
407031165,0.0
407031166,0.6666666666666666
407031167,0.0
407031168,0.6666666666666666
407031169,0.2222222222222222
407031170,0.2222222222222222
501011001,0.8888888888888888
501011003,0.2222222222222222
501011004,0.6666666666666666
501011293,0.8888888888888888
501011294,0.8888888888888888
501021005,0.8888888888888888
501021007,0.6666666666666666
501021008,0.0
501021009,0.2222222222222222
501021010,0.6666666666666666
501021012,0.8888888888888888
501021014,0.4444444444444444
501021015,0.4444444444444444
501021016,0.2222222222222222
501021251,0.8888888888888888
501021252,0.2222222222222222
501021253,0.8888888888888888
501021254,0.0
501031017,0.8888888888888888
501031018,0.6666666666666666
501031019,0.2222222222222222
501031020,0.6666666666666666
502011021,0.6666666666666666
502011022,0.6666666666666666
502011023,0.0
502011024,0.8888888888888888
502011025,0.0
502011026,0.4444444444444444
502011027,0.8888888888888888
502011028,0.0
502011029,0.4444444444444444
503011030,0.0
503011031,0.2222222222222222
503011032,0.0
503011033,0.0
503011034,0.2222222222222222
503011035,0.0
503011036,0.0
503021037,0.0
503021038,0.0
503021039,0.2222222222222222
503021040,0.2222222222222222
503021042,0.2222222222222222
503021043,0.4444444444444444
503021295,0.6666666666666666
503021296,0.6666666666666666
503021297,0.6666666666666666
504011044,0.8888888888888888
504011045,0.6666666666666666
504011046,0.8888888888888888
504011047,0.8888888888888888
504011048,0.8888888888888888
504021049,0.6666666666666666
504021050,0.0
504021051,0.6666666666666666
504021053,0.4444444444444444
504021054,0.6666666666666666
504031056,0.4444444444444444
504031057,0.6666666666666666
504031058,0.8888888888888888
504031060,0.2222222222222222
504031061,0.4444444444444444
504031062,0.8888888888888888
504031065,0.6666666666666666
504031066,0.2222222222222222
504031067,0.6666666666666666
504031068,0.6666666666666666
504031298,0.6666666666666666
504031299,0.6666666666666666
504031300,0.6666666666666666
505011070,0.6666666666666666
505011071,0.4444444444444444
505011072,0.0
505011073,0.4444444444444444
505011074,0.6666666666666666
505011075,0.0
505011076,0.0
505011077,0.6666666666666666
505011078,0.2222222222222222
505011079,0.0
505011080,0.2222222222222222
505011081,0.4444444444444444
505011082,0.0
505011083,0.2222222222222222
505021084,0.8888888888888888
505021085,0.0
505021088,0.6666666666666666
505021089,0.0
505021090,0.4444444444444444
505021091,0.0
505021092,0.2222222222222222
505021093,0.6666666666666666
505021094,0.0
505021095,0.8888888888888888
505021096,0.0
505021097,0.6666666666666666
505021301,0.8888888888888888
505021302,0.8888888888888888
505031098,0.2222222222222222
505031099,0.4444444444444444
505031100,0.8888888888888888
505031101,0.6666666666666666
505031102,0.0
505031104,0.2222222222222222
505031105,0.4444444444444444
505031107,0.4444444444444444
505031255,0.6666666666666666
505031256,0.6666666666666666
505031257,0.6666666666666666
505031258,0.6666666666666666
505031303,0.4444444444444444
505031304,0.4444444444444444
505031305,0.4444444444444444
505031306,0.8888888888888888
506011110,0.0
506011112,0.0
506011114,0.2222222222222222
506011115,0.6666666666666666
506011116,0.2222222222222222
506011117,0.4444444444444444
506011307,0.2222222222222222
506011308,0.2222222222222222
506021118,0.6666666666666666
506021119,0.6666666666666666
506021123,0.4444444444444444
506021309,0.4444444444444444
506021310,0.8888888888888888
506021311,0.8888888888888888
506031124,0.6666666666666666
506031125,0.2222222222222222
506031127,0.6666666666666666
506031128,0.8888888888888888
506031129,0.2222222222222222
506031131,0.4444444444444444
506041132,0.4444444444444444
506041133,0.4444444444444444
506041134,0.0
506041135,0.8888888888888888
506041136,0.2222222222222222
506041137,0.6666666666666666
506051138,0.8888888888888888
506051139,0.8888888888888888
506051140,0.2222222222222222
506051141,0.2222222222222222
506061142,0.8888888888888888
506061143,0.6666666666666666
506061144,0.8888888888888888
506071145,0.4444444444444444
506071146,0.4444444444444444
506071147,0.2222222222222222
507011148,0.2222222222222222
507011152,0.4444444444444444
507011153,0.8888888888888888
507011154,0.4444444444444444
507011158,0.0
507011159,0.8888888888888888
507011160,0.8888888888888888
507011161,0.4444444444444444
507011163,0.8888888888888888
507011259,0.6666666666666666
507011260,0.2222222222222222
507021164,0.2222222222222222
507021165,0.6666666666666666
507021166,0.8888888888888888
507031169,0.8888888888888888
507031170,0.0
507031172,0.8888888888888888
507031174,0.0
507031261,0.4444444444444444
507041175,0.0
507041176,0.2222222222222222
507041177,0.4444444444444444
507041178,0.2222222222222222
507041179,0.2222222222222222
507041180,0.0
507041181,0.0
507041182,0.4444444444444444
507041183,0.4444444444444444
507041184,0.0
507051186,0.2222222222222222
507051187,0.6666666666666666
507051188,0.2222222222222222
507051190,0.6666666666666666
507051191,0.6666666666666666
507051192,0.4444444444444444
507051193,0.2222222222222222
507051312,0.8888888888888888
507051313,0.8888888888888888
507051314,0.8888888888888888
509011225,0.6666666666666666
509011226,0.8888888888888888
509011227,0.8888888888888888
509011228,0.8888888888888888
509011229,0.8888888888888888
509011230,0.2222222222222222
509011231,0.6666666666666666
509011232,0.8888888888888888
509011233,0.4444444444444444
509011234,0.4444444444444444
509021236,0.8888888888888888
509021237,0.4444444444444444
509021238,0.4444444444444444
509021239,0.6666666666666666
509021240,0.6666666666666666
509021241,0.8888888888888888
509021242,0.6666666666666666
509021243,0.2222222222222222
509021244,0.6666666666666666
509021245,0.4444444444444444
509031246,0.4444444444444444
509031247,0.8888888888888888
509031248,0.6666666666666666
509031249,0.4444444444444444
509031250,0.6666666666666666
510011262,0.8888888888888888
510011263,0.0
510011264,0.0
510011265,0.0
510011266,0.0
510021267,0.0
510021268,0.6666666666666666
510021269,0.2222222222222222
510021270,0.6666666666666666
510031271,0.8888888888888888
510031272,0.2222222222222222
510031273,0.8888888888888888
511011274,0.6666666666666666
511011275,0.8888888888888888
511021276,0.2222222222222222
511021277,0.8888888888888888
511031278,0.2222222222222222
511031279,0.8888888888888888
511031280,0.4444444444444444
511031282,0.0
511031283,0.0
511041285,0.2222222222222222
511041286,0.2222222222222222
511041287,0.8888888888888888
511041288,0.8888888888888888
511041289,0.4444444444444444
511041290,0.0
511041291,0.6666666666666666
511041292,0.4444444444444444
601011001,0.0
601011002,0.6666666666666666
601011003,0.4444444444444444
601021004,0.8888888888888888
601021005,0.2222222222222222
601021006,0.6666666666666666
601021007,0.4444444444444444
601021008,0.6666666666666666
601021009,0.0
601021010,0.0
601021011,0.0
601021012,0.2222222222222222
601031013,0.8888888888888888
601031014,0.2222222222222222
601031015,0.2222222222222222
601031016,0.2222222222222222
601031017,0.0
601031018,0.4444444444444444
601031019,0.2222222222222222
601031020,0.0
601031021,0.4444444444444444
601041022,0.8888888888888888
601041023,0.4444444444444444
601041024,0.4444444444444444
601041026,0.2222222222222222
601051027,0.8888888888888888
601051028,0.4444444444444444
601051029,0.4444444444444444
601051030,0.8888888888888888
601051031,0.4444444444444444
601051032,0.4444444444444444
601051033,0.4444444444444444
601061034,0.6666666666666666
601061035,0.8888888888888888
602011036,0.0
602011037,0.4444444444444444
602011038,0.8888888888888888
602011039,0.6666666666666666
602011040,0.0
602011041,0.0
602011042,0.8888888888888888
602011043,0.8888888888888888
602011044,0.8888888888888888
602011045,0.0
602011046,0.8888888888888888
602011047,0.4444444444444444
602011048,0.6666666666666666
602011049,0.6666666666666666
602011050,0.2222222222222222
602011051,0.8888888888888888
602011052,0.8888888888888888
602021053,0.2222222222222222
602021054,0.2222222222222222
602021055,0.8888888888888888
602021056,0.8888888888888888
602021057,0.4444444444444444
602031058,0.8888888888888888
602031059,0.0
602031060,0.2222222222222222
602031061,0.2222222222222222
602031062,0.8888888888888888
602031064,0.2222222222222222
602031099,0.4444444444444444
602031100,0.2222222222222222
603011065,0.2222222222222222
603011066,0.2222222222222222
603011067,0.4444444444444444
603021069,0.8888888888888888
603021070,0.4444444444444444
603021071,0.2222222222222222
603021072,0.6666666666666666
603031073,0.2222222222222222
603031074,0.4444444444444444
604011075,0.0
604011076,0.8888888888888888
604011077,0.0
604011078,0.2222222222222222
604011079,0.6666666666666666
604011080,0.2222222222222222
604011081,0.2222222222222222
604011082,0.2222222222222222
604011083,0.0
604011084,0.2222222222222222
604021085,0.0
604021086,0.0
604021087,0.2222222222222222
604021088,0.8888888888888888
604021089,0.8888888888888888
604021090,0.8888888888888888
604021091,0.4444444444444444
604021092,0.8888888888888888
604031093,0.8888888888888888
604031094,0.4444444444444444
604031095,0.2222222222222222
604031096,0.6666666666666666
604031097,0.0
701011002,0.4444444444444444
701011004,0.2222222222222222
701011005,0.0
701011006,0.4444444444444444
701011007,0.6666666666666666
701011008,0.2222222222222222
701011009,0.0
701021010,0.6666666666666666
701021011,0.8888888888888888
701021012,0.6666666666666666
701021013,0.4444444444444444
701021016,0.4444444444444444
701021018,0.8888888888888888
701021019,0.2222222222222222
701021020,0.6666666666666666
701021021,0.0
701021022,0.4444444444444444
701021023,0.6666666666666666
701021024,0.6666666666666666
701021025,0.4444444444444444
701021026,0.4444444444444444
701021027,0.8888888888888888
701021028,0.4444444444444444
701021029,0.8888888888888888
701021030,0.8888888888888888
701031031,0.6666666666666666
701031032,0.6666666666666666
701031034,0.6666666666666666
701031035,0.6666666666666666
701041036,0.8888888888888888
701041037,0.4444444444444444
701041038,0.2222222222222222
701041039,0.0
701041040,0.0
701041041,0.4444444444444444
701041042,0.4444444444444444
701041043,0.4444444444444444
701041044,0.4444444444444444
702011045,0.4444444444444444
702011046,0.6666666666666666
702011047,0.6666666666666666
702011048,0.8888888888888888
702011049,0.4444444444444444
702011050,0.0
702011051,0.6666666666666666
702011052,0.0
702011053,0.0
702011054,0.0
702021055,0.0
702021056,0.0
702031057,0.2222222222222222
702031058,0.0
702031059,0.0
702031060,0.0
702031061,0.0
702041062,0.0
702041063,0.0
702041064,0.2222222222222222
702051065,0.0
702051066,0.0
702051067,0.4444444444444444
702051068,0.0
801011001,0.0
801011002,0.6666666666666666
801011003,0.0
801011004,0.6666666666666666
801011005,0.2222222222222222
801011006,0.4444444444444444
801011007,0.2222222222222222
801011008,0.8888888888888888
801011009,0.2222222222222222
801011010,0.2222222222222222
801011011,0.2222222222222222
801011013,0.2222222222222222
801011014,0.4444444444444444
801011015,0.8888888888888888
801011016,0.4444444444444444
801011017,0.6666666666666666
801011018,0.0
801011019,0.4444444444444444
801011020,0.8888888888888888
801011021,0.4444444444444444
801011022,0.4444444444444444
801011023,0.8888888888888888
801011024,0.6666666666666666
801011025,0.4444444444444444
801011026,0.0
801011143,0.0
801031113,0.0
801031114,0.8888888888888888
801031115,0.0
801041034,0.2222222222222222
801041035,0.2222222222222222
801041036,0.0
801041037,0.0
801041038,0.0
801041039,0.2222222222222222
801041040,0.6666666666666666
801041043,0.2222222222222222
801041044,0.0
801041046,0.4444444444444444
801041047,0.0
801041048,0.4444444444444444
801041118,0.8888888888888888
801041120,0.2222222222222222
801041121,0.4444444444444444
801041122,0.0
801051050,0.4444444444444444
801051051,0.0
801051053,0.0
801051054,0.2222222222222222
801051055,0.4444444444444444
801051056,0.0
801051057,0.4444444444444444
801051058,0.2222222222222222
801051060,0.0
801051061,0.2222222222222222
801051124,0.0
801051125,0.0
801051127,0.2222222222222222
801061062,0.0
801061063,0.0
801061064,0.0
801061067,0.4444444444444444
801061069,0.0
801061070,0.0
801061129,0.0
801061131,0.0
801071071,0.4444444444444444
801071072,0.4444444444444444
801071073,0.2222222222222222
801071074,0.6666666666666666
801071075,0.4444444444444444
801071076,0.0
801071077,0.4444444444444444
801071078,0.4444444444444444
801071079,0.4444444444444444
801071080,0.4444444444444444
801071081,0.6666666666666666
801071082,0.6666666666666666
801071083,0.0
801071084,0.4444444444444444
801071086,0.6666666666666666
801071087,0.8888888888888888
801071088,0.4444444444444444
801071089,0.0
801071090,0.4444444444444444
801081091,0.0
801081092,0.2222222222222222
801081093,0.2222222222222222
801081094,0.0
801081095,0.4444444444444444
801081096,0.4444444444444444
801081097,0.4444444444444444
801081098,0.2222222222222222
801091099,0.2222222222222222
801091100,0.0
801091101,0.0
801091102,0.0
801091103,0.0
801091104,0.0
801091105,0.6666666666666666
801091106,0.2222222222222222
801091107,0.0
801091108,0.2222222222222222
801091109,0.2222222222222222
801091110,0.0
801101135,0.2222222222222222
801101136,0.0
801101139,0.0
801111140,0.0
801111141,0.4444444444444444
901011001,0.4444444444444444
901021002,0.0
901031003,0.0
901041004,0.8888888888888888
