2021 Suburbs and Localities (SAL) Code,2021 Suburbs and Localities (SAL) Name,Score of Index of Relative Socio-economic Disadvantage,Decile of Index of Relative Socio-economic Disadvantage,Score of Index of Relative Socio-economic Advantage and Disadvantage,Decile of Index of Relative Socio-economic Advantage and Disadvantage,Score of Index of Economic Resources,Decile of Index of Economic Resources,Score of Index of Education and Occupation,Decile of Index of Education and Occupation,Usual Resident Population,State
40002,Adelaide,980,4,1045,9,814,1,1134,10,18202,SA
40004,Agery,1041,7,1023,8,1043,7,1049,9,90,SA
40005,Alawoona,955,3,922,2,1006,4,939,3,25,SA
40006,Albert Park (SA),973,3,950,3,950,2,948,4,1780,SA
40007,Alberton (SA),996,4,972,5,963,2,969,5,1860,SA
40008,Aldgate,1103,10,1116,10,1124,10,1133,10,3471,SA
40009,Aldinga,993,4,971,5,991,4,1024,8,764,SA
40010,Aldinga Beach,966,3,925,2,983,3,919,3,10667,SA
40011,Alford,965,3,935,3,1006,4,965,5,159,SA
40012,Allenby Gardens,1041,7,1013,7,994,4,1010,7,2045,SA
40013,Allendale East,1020,6,944,3,1035,6,893,2,484,SA
40014,Allendale North,1033,7,998,6,1061,8,975,5,162,SA
40015,Alma (SA),1032,7,997,6,1061,8,983,6,66,SA
40016,Altona (SA),1102,10,1058,9,1069,8,1036,8,114,SA
40017,Amata,517,1,719,1,549,1,945,4,393,SA
40019,American River,915,2,881,1,937,2,849,1,280,SA
40020,Amyton,1018,6,981,5,1044,7,981,6,9,SA
40021,Anama,1058,8,1036,8,1029,6,1031,8,7,SA
40022,Anangu Pitjantjatjara Yankunytjatjara,790,1,870,1,725,1,956,4,205,SA
40023,Andamooka,842,1,817,1,890,1,782,1,262,SA
40024,Andamooka Station,1007,5,959,4,983,3,904,2,7,SA
40025,Andrews,1006,5,987,6,1027,6,1043,8,32,SA
40026,Andrews Farm,894,1,870,1,938,2,862,1,8699,SA
40027,Angas Plains,1068,9,1035,8,1056,7,1018,7,81,SA
40028,Angas Valley,913,2,897,2,968,3,930,3,52,SA
40029,Angaston,980,4,954,4,990,4,956,4,2202,SA
40030,Angle Park,800,1,843,1,848,1,892,2,1555,SA
40031,Angle Vale,1058,8,1013,7,1112,10,944,4,4051,SA
40032,Anna Creek,1007,5,959,4,983,3,904,2,176,SA
40033,Annadale,983,4,926,2,999,4,897,2,37,SA
40034,Antechamber Bay,1011,5,975,5,995,4,969,5,13,SA
40035,Apamurra,951,2,909,2,1000,4,907,2,11,SA
40036,Apoinga,1039,7,1003,6,1029,6,1015,7,29,SA
40037,Appila,1004,5,985,5,1019,5,1040,8,91,SA
40038,Arcoona,1007,5,959,4,983,3,904,2,82,SA
40039,Ardrossan,941,2,890,2,937,2,864,1,1269,SA
40040,Arkaroola,952,2,943,3,914,1,956,4,32,SA
40041,Armagh,1086,10,1035,8,1110,10,997,6,351,SA
40042,Arno Bay,958,3,915,2,956,2,889,2,314,SA
40043,Arthurton,1041,7,1023,8,1043,7,1049,9,157,SA
40044,Ascot Park,971,3,967,4,901,1,1008,7,3588,SA
40045,Ashbourne (SA),1032,7,994,6,1086,9,975,5,308,SA
40046,Ashford (SA),1027,6,1024,8,933,2,1066,9,1157,SA
40047,Ashton,1104,10,1078,10,1094,9,1080,10,481,SA
40048,Ashville,1020,6,982,5,1014,5,965,5,28,SA
40049,Athelstone,1064,9,1037,8,1054,7,1029,8,9601,SA
40050,Athol Park,881,1,894,2,911,1,932,3,2023,SA
40051,Auburn (SA),1005,5,975,5,1015,5,975,5,668,SA
40052,Auldana,1100,10,1124,10,1128,10,1132,10,629,SA
40053,Australia Plains,979,4,945,3,996,4,963,5,41,SA
40054,Avenue Range,1047,7,1022,7,1041,7,1021,8,112,SA
40055,Avoca Dell,1027,6,973,5,1061,8,927,3,166,SA
40056,Avon (SA),931,2,915,2,984,3,909,2,64,SA
40057,Back Valley,1025,6,1005,7,1043,7,1020,8,176,SA
40058,Bagot Well,1025,6,982,5,1057,7,943,4,67,SA
40059,Baird Bay,1021,6,971,5,1006,4,960,5,5,SA
40060,Bakara,926,2,924,2,991,4,945,4,9,SA
40061,Bakara Well,926,2,924,2,991,4,945,4,6,SA
40062,Balaklava,928,2,898,2,943,2,890,2,2083,SA
40063,Bald Hills (SA),1020,6,1001,6,1052,7,1016,7,44,SA
40064,Baldina,1039,7,1003,6,1029,6,1015,7,12,SA
40065,Balgowan (SA),1081,10,1044,9,1072,8,1031,8,92,SA
40066,Balhannah,1080,9,1051,9,1063,8,1056,9,1756,SA
40067,Ballast Head,1035,7,992,6,1044,7,997,6,21,SA
40068,Bangham,1019,6,988,6,1107,10,977,5,81,SA
40069,Bangor (SA),1024,6,1004,7,1001,4,1013,7,39,SA
40070,Banksia Park,1053,8,1005,7,1047,7,991,6,3346,SA
40071,Barabba,1027,6,992,6,1080,9,993,6,135,SA
40072,Barinia,1058,8,1036,8,1029,6,1031,8,22,SA
40073,Barmera,904,1,884,1,919,1,876,1,2884,SA
40074,Barna,1076,9,1045,9,1065,8,1065,9,30,SA
40075,Barndioota,1024,6,989,6,1022,5,995,6,6,SA
40076,Baroota,1024,6,1004,7,1001,4,1013,7,52,SA
40077,Barossa Goldfields,1111,10,1085,10,1166,10,1018,7,63,SA
40078,Barunga Gap,1014,5,990,6,981,3,992,6,23,SA
40079,Basket Range,1074,9,1079,10,1082,9,1120,10,364,SA
40080,Baudin Beach,1011,5,975,5,995,4,969,5,94,SA
40081,Bay Of Shoals,1060,8,998,6,1083,9,966,5,30,SA
40082,Beachport,991,4,956,4,992,4,936,3,745,SA
40084,Beaufort (SA),967,3,931,3,966,3,931,3,81,SA
40085,Beaumont (SA),1115,10,1137,10,1115,10,1148,10,2731,SA
40087,Bedford Park,986,4,989,6,902,1,1034,8,1882,SA
40088,Beetaloo Valley,1060,8,1018,7,1043,7,1009,7,75,SA
40089,Belair,1106,10,1103,10,1097,9,1124,10,4718,SA
40090,Belalie East,1082,10,1032,8,1060,8,1029,8,62,SA
40091,Belalie North,1082,10,1032,8,1060,8,1029,8,85,SA
40092,Bellevue Heights,1071,9,1057,9,1042,7,1083,10,2712,SA
40093,Beltana,952,2,943,3,914,1,956,4,35,SA
40094,Beltana Station,952,2,943,3,914,1,956,4,30,SA
40095,Belton,1045,7,1041,8,1059,8,1093,10,19,SA
40096,Belvidere,1038,7,1011,7,1049,7,1001,7,118,SA
40097,Benbournie,1055,8,1037,8,1058,8,1053,9,11,SA
40098,Berri,860,1,854,1,871,1,876,1,4143,SA
40099,Bethany,1096,10,1068,9,1071,8,1038,8,146,SA
40100,Bethel,1054,8,1009,7,1077,9,995,6,52,SA
40101,Beulah Park,1079,9,1088,10,1032,6,1108,10,1601,SA
40102,Beverley (SA),961,3,953,4,927,1,974,5,1578,SA
40103,Bibaringa,1043,7,1003,6,1087,9,977,5,246,SA
40104,Big Bend,1034,7,1016,7,1084,9,1056,9,4,SA
40105,Biggs Flat,1110,10,1121,10,1136,10,1100,10,84,SA
40107,Binnum,1019,6,997,6,1030,6,985,6,87,SA
40108,Birchmore,1035,7,992,6,1044,7,997,6,49,SA
40109,Birdwood (SA),1047,8,1008,7,1052,7,1004,7,1376,SA
40110,Birkenhead,989,4,964,4,953,2,974,5,1798,SA
40111,Black Forest,1023,6,1026,8,955,2,1064,9,1982,SA
40112,Black Hill (SA),833,1,838,1,955,2,828,1,45,SA
40113,Black Point,1014,5,971,5,995,4,959,4,64,SA
40114,Black Rock (SA),1045,7,1041,8,1059,8,1093,10,36,SA
40115,Black Springs (SA),996,4,983,5,1024,5,1029,8,49,SA
40116,Blackfellows Caves,972,3,938,3,1017,5,869,1,72,SA
40117,Blackfellows Creek,1031,6,1025,8,1071,8,1021,8,28,SA
40118,Blackford,1038,7,1002,6,1067,8,990,6,35,SA
40119,Blackwood (SA),1069,9,1055,9,1038,6,1086,10,4266,SA
40120,Blair Athol (SA),863,1,902,2,890,1,956,4,5274,SA
40121,Blakeview,969,3,936,3,993,4,924,3,8979,SA
40122,Blakiston,1097,10,1070,9,1143,10,1038,8,377,SA
40123,Blanche Harbor,1012,5,973,5,1010,5,910,2,32,SA
40124,Blanchetown,916,2,870,1,935,2,851,1,305,SA
40125,Bletchley,1069,9,1016,7,1075,9,981,6,76,SA
40126,Blewitt Springs,1063,9,1030,8,1064,8,1025,8,346,SA
40127,Blinman,1029,6,1001,6,958,2,1006,7,43,SA
40128,Bluff Beach,1004,5,965,4,1029,6,957,4,41,SA
40129,Blyth,978,3,932,3,1001,4,909,2,518,SA
40130,Boatswain Point,997,4,966,4,999,4,975,5,46,SA
40132,Boconnoc Park,1055,8,1037,8,1058,8,1053,9,28,SA
40133,Bolivar,763,1,760,1,811,1,697,1,357,SA
40134,Bolto,890,1,855,1,914,1,861,1,14,SA
40135,Booborowie,961,3,925,2,975,3,928,3,205,SA
40136,Bookpurnong,1079,9,1052,9,1086,9,1059,9,157,SA
40137,Bool Lagoon,1067,9,1041,8,1075,9,1054,9,42,SA
40138,Booleroo Centre,1001,5,980,5,1009,5,1001,7,482,SA
40139,Boolgun,994,4,971,5,1011,5,978,5,11,SA
40140,Boonerdo,1060,8,1041,8,1051,7,1082,10,13,SA
40141,Boors Plain,1037,7,984,5,1022,5,949,4,56,SA
40142,Bordertown,949,2,918,2,971,3,874,1,3095,SA
40143,Bordertown South,1095,10,1055,9,1110,10,1036,8,45,SA
40144,Borrika,1026,6,1000,6,1059,8,1039,8,30,SA
40145,Boston,1086,10,1025,8,1096,9,979,5,1169,SA
40146,Bowden,1039,7,1058,9,897,1,1143,10,1808,SA
40147,Bower,979,4,945,3,996,4,963,5,41,SA
40148,Bowhill,970,3,944,3,959,2,977,5,127,SA
40149,Bowillia,916,2,912,2,993,4,934,3,20,SA
40150,Bowmans,931,2,915,2,984,3,909,2,56,SA
40151,Bradbury (SA),1092,10,1084,10,1113,10,1099,10,178,SA
40152,Brady Creek,1039,7,1003,6,1029,6,1015,7,19,SA
40153,Brahma Lodge,814,1,830,1,889,1,848,1,3380,SA
40154,Bramfield,965,3,964,4,959,2,1001,7,31,SA
40155,Bray,997,4,966,4,999,4,975,5,44,SA
40156,Brenda Park,1018,6,973,5,955,2,968,5,15,SA
40157,Brentwood (SA),1004,5,965,4,1029,6,957,4,71,SA
40158,Bridgewater (SA),1079,9,1053,9,1062,8,1089,10,3719,SA
40159,Bright (SA),826,1,818,1,911,1,859,1,18,SA
40160,Brighton (SA),1067,9,1058,9,1021,5,1071,9,3834,SA
40161,Brimbago,1045,7,1028,8,1079,9,1046,9,64,SA
40162,Brinkley,1009,5,965,4,1032,6,944,4,107,SA
40163,Brinkworth,934,2,897,2,987,3,906,2,243,SA
40164,Broadview,1007,5,1008,7,958,2,1034,8,4450,SA
40165,Brompton,977,3,1008,7,897,1,1078,9,3729,SA
40166,Brooker,1066,9,1030,8,1061,8,1032,8,90,SA
40167,Brooklyn Park,992,4,981,5,932,2,994,6,5040,SA
40169,Brown Beach,1011,5,975,5,995,4,969,5,3,SA
40170,Brown Hill Creek,1108,10,1091,10,1106,10,1105,10,71,SA
40171,Brownlow,979,4,945,3,996,4,963,5,43,SA
40172,Brownlow Ki,962,3,912,2,947,2,918,3,238,SA
40173,Bruce (SA),1018,6,981,5,1044,7,981,6,17,SA
40174,Brukunga,1042,7,990,6,1039,6,956,4,400,SA
40175,Buchanan (SA),971,3,940,3,995,4,930,3,51,SA
40176,Buchfelde,974,3,944,3,1027,6,945,4,193,SA
40177,Buckingham (SA),1051,8,1050,9,1071,8,1065,9,40,SA
40178,Buckland Park,925,2,951,3,1044,7,972,5,99,SA
40179,Buckleboo,1076,9,1045,9,1065,8,1065,9,40,SA
40180,Bugle Hut,1079,9,1052,9,1086,9,1059,9,38,SA
40181,Bugle Ranges,1063,9,1036,8,1106,10,1028,8,289,SA
40182,Bull Creek (SA),1052,8,1031,8,1079,9,1010,7,111,SA
40183,Bumbunga,967,3,931,3,966,3,931,3,20,SA
40184,Bunbury (SA),1057,8,1031,8,1052,7,1073,9,3,SA
40185,Bundaleer Gardens,1015,5,992,6,1010,5,1005,7,8,SA
40186,Bundaleer North,1082,10,1032,8,1060,8,1029,8,38,SA
40188,Bungama,971,3,927,3,1004,4,896,2,116,SA
40189,Bungaree (SA),1058,8,1036,8,1029,6,1031,8,23,SA
40190,Burdett,907,1,897,2,893,1,930,3,234,SA
40191,Burnsfield,1014,5,990,6,981,3,992,6,6,SA
40192,Burnside (SA),1103,10,1120,10,1074,8,1143,10,3060,SA
40193,Burra (SA),950,2,915,2,946,2,925,3,1112,SA
40194,Burra Eastern Districts,1039,7,1003,6,1029,6,1015,7,7,SA
40195,Burrungule,979,4,951,3,1013,5,963,5,115,SA
40196,Burton (SA),882,1,880,1,968,3,881,1,6519,SA
40197,Bute,910,2,899,2,940,2,921,3,389,SA
40198,Butler (SA),959,3,937,3,977,3,980,6,69,SA
40199,Cadell,836,1,818,1,938,2,813,1,547,SA
40200,Cadgee (SA),1019,6,997,6,1030,6,985,6,53,SA
40201,Calca,1021,6,971,5,1006,4,960,5,13,SA
40202,Caliph,1031,6,992,6,1047,7,965,5,3,SA
40203,Callington,961,3,909,2,1003,4,893,2,625,SA
40204,Calomba,947,2,915,2,1000,4,855,1,46,SA
40205,Caloote,1016,6,954,4,1014,5,917,3,133,SA
40207,Caltowie,1070,9,1034,8,1065,8,1033,8,122,SA
40208,Caltowie North,1070,9,1034,8,1065,8,1033,8,21,SA
40209,Caltowie West,1070,9,1034,8,1065,8,1033,8,28,SA
40210,Cambrai,913,2,897,2,968,3,930,3,266,SA
40211,Camden Park (SA),1021,6,997,6,949,2,1000,7,3338,SA
40212,Campbelltown (SA),986,4,983,5,945,2,1019,8,9263,SA
40213,Campoona,1060,8,1041,8,1051,7,1082,10,47,SA
40214,Cannawigara,1045,7,1028,8,1079,9,1046,9,147,SA
40215,Canowie,1027,6,995,6,968,3,985,6,3,SA
40216,Canowie Belt,888,1,871,1,928,2,876,1,29,SA
40217,Canunda,1046,7,995,6,1070,8,974,5,21,SA
40218,Cape Borda,1019,6,997,6,1011,5,1027,8,9,SA
40219,Cape Douglas,972,3,938,3,1017,5,869,1,68,SA
40220,Cape Jaffa,1038,7,1002,6,1067,8,990,6,66,SA
40221,Cape Jervis,916,2,877,1,958,2,865,1,343,SA
40222,Caralue,1076,9,1045,9,1065,8,1065,9,43,SA
40223,Carawa,986,4,978,5,987,3,1000,7,7,SA
40224,Carcuma,995,4,997,6,1006,4,1034,8,3,SA
40225,Carew,1051,8,1050,9,1071,8,1065,9,32,SA
40226,Carey Gully,1071,9,1074,10,1084,9,1076,9,428,SA
40227,Caroline,1066,9,954,4,1121,10,855,1,11,SA
40228,Carpenter Rocks,944,2,905,2,938,2,886,2,87,SA
40229,Carrickalinga,971,3,946,3,969,3,952,4,409,SA
40230,Carrieton,1045,7,1041,8,1059,8,1093,10,51,SA
40231,Cassini,1050,8,1024,8,1062,8,1045,9,73,SA
40232,Castambul,1092,10,1087,10,1074,8,1109,10,18,SA
40233,Caurnamont,1071,9,1028,8,1032,6,996,6,35,SA
40234,Cavan (SA),1040,7,1037,8,1002,4,1050,9,32,SA
40235,Cavenagh,925,2,925,2,983,3,964,5,6,SA
40236,Caveton,1064,9,1016,7,1059,8,985,6,36,SA
40237,Ceduna,941,2,920,2,925,1,917,3,1955,SA
40238,Ceduna Waters,993,4,959,4,974,3,927,3,186,SA
40239,Chaffey,942,2,901,2,997,4,861,1,189,SA
40240,Chain Of Ponds,1062,9,1068,9,1107,10,1072,9,39,SA
40241,Chandada,998,5,982,5,992,4,987,6,37,SA
40242,Chandlers Hill,1117,10,1092,10,1141,10,1063,9,792,SA
40243,Chapel Hill (SA),1110,10,1121,10,1136,10,1100,10,127,SA
40244,Chapman Bore,978,3,943,3,999,4,919,3,26,SA
40245,Charleston,1070,9,1031,8,1106,10,1015,7,550,SA
40246,Charlton Gully,1017,6,962,4,1024,5,935,3,39,SA
40247,Charra,986,4,978,5,987,3,1000,7,26,SA
40248,Cheltenham (SA),1010,5,985,5,988,3,981,6,2236,SA
40249,Cherry Gardens,1082,10,1047,9,1096,9,1028,8,633,SA
40250,Cherryville,1092,10,1087,10,1074,8,1109,10,125,SA
40251,Chilpenunda,998,5,982,5,992,4,987,6,17,SA
40252,Chinaman Wells,1081,10,1044,9,1072,8,1031,8,4,SA
40253,Chinbingina,986,4,978,5,987,3,1000,7,8,SA
40254,Chiton,1018,6,981,5,1007,4,1031,8,440,SA
40255,Chowilla,1029,6,1001,6,958,2,1006,7,5,SA
40256,Christie Downs,803,1,803,1,825,1,834,1,5239,SA
40257,Christies Beach,931,2,910,2,910,1,928,3,5962,SA
40258,Clapham,1090,10,1090,10,1068,8,1117,10,1685,SA
40259,Clare (SA),989,4,954,4,960,2,947,4,3238,SA
40260,Clarence Gardens,1070,9,1069,9,1036,6,1081,10,2373,SA
40261,Clarence Park,1057,8,1054,9,999,4,1090,10,2658,SA
40262,Clarendon (SA),1091,10,1057,9,1093,9,1031,8,643,SA
40263,Clay Wells,1001,5,970,5,1007,4,974,5,31,SA
40264,Claypans,943,2,920,2,962,2,922,3,4,SA
40265,Clayton Bay,942,2,891,2,975,3,895,2,472,SA
40266,Clearview,954,3,950,3,927,1,982,6,4261,SA
40268,Clements Gap,995,4,964,4,1010,5,963,5,54,SA
40269,Cleve,964,3,925,2,963,2,916,3,953,SA
40270,Clinton (SA),881,1,873,1,937,2,905,2,313,SA
40271,Clinton Centre,881,1,873,1,937,2,905,2,40,SA
40272,Clovelly Park,999,5,987,6,951,2,1021,8,3126,SA
40273,Cobdogla,934,2,895,2,945,2,836,1,375,SA
40275,Cockaleechie,1066,9,1030,8,1061,8,1032,8,79,SA
40276,Cockatoo Valley,1097,10,1053,9,1147,10,998,6,714,SA
40277,Cockburn,1029,6,1001,6,958,2,1006,7,12,SA
40278,Coffin Bay,1003,5,953,4,1000,4,929,3,664,SA
40279,Colebatch,1057,8,1031,8,1052,7,1073,9,56,SA
40280,Coles,1115,10,1083,10,1115,10,1089,10,35,SA
40281,College Park,1089,10,1118,10,1057,7,1142,10,755,SA
40282,Colley,1021,6,971,5,1006,4,960,5,40,SA
40283,Collinsfield,981,4,963,4,965,3,1001,7,6,SA
40284,Collinsville (SA),1027,6,995,6,968,3,985,6,11,SA
40285,Collinswood,1058,8,1063,9,986,3,1100,10,1496,SA
40286,Colonel Light Gardens,1092,10,1096,10,1087,9,1108,10,3311,SA
40287,Colton,965,3,964,4,959,2,1001,7,24,SA
40288,Comaum,1064,9,1039,8,1047,7,1043,8,42,SA
40289,Commissariat Point,1012,5,973,5,1010,5,910,2,243,SA
40291,Compton,1056,8,995,6,1096,9,930,3,812,SA
40292,Concordia,1034,7,996,6,1066,8,967,5,153,SA
40293,Condowie,1014,5,990,6,981,3,992,6,61,SA
40294,Conmurra,1115,10,1083,10,1115,10,1089,10,76,SA
40295,Coober Pedy,868,1,868,1,832,1,868,1,1566,SA
40296,Coobowie,919,2,888,1,926,1,878,1,258,SA
40297,Cooke Plains,1020,6,982,5,1014,5,965,5,69,SA
40298,Coolillie,965,3,964,4,959,2,1001,7,8,SA
40299,Cooltong,933,2,911,2,995,4,875,1,322,SA
40300,Coomandook,993,4,972,5,1024,5,965,5,83,SA
40301,Coombe,1056,8,1030,8,1046,7,1045,9,63,SA
40302,Coomooroo,1045,7,1041,8,1059,8,1093,10,13,SA
40303,Coomunga,1060,8,1007,7,1050,7,994,6,133,SA
40304,Coonalpyn,933,2,908,2,965,3,907,2,350,SA
40305,Coonamia,985,4,939,3,1023,5,904,2,96,SA
40306,Coonawarra (SA),1064,9,1039,8,1047,7,1043,8,135,SA
40307,Coorabie,927,2,908,2,876,1,874,1,71,SA
40308,Coorong,1056,8,1031,8,1051,7,1070,9,53,SA
40309,Cootra,1076,9,1045,9,1065,8,1065,9,19,SA
40310,Copeville,926,2,924,2,991,4,945,4,44,SA
40311,Copley (SA),670,1,750,1,655,1,753,1,83,SA
40312,Corny Point,959,3,897,2,983,3,851,1,120,SA
40313,Coromandel East,1087,10,1094,10,1124,10,1109,10,345,SA
40314,Coromandel Valley,1099,10,1078,10,1099,10,1088,10,4380,SA
40315,Cortlinye,1076,9,1045,9,1065,8,1065,9,44,SA
40316,Corunna Station,1044,7,1017,7,966,3,1064,9,19,SA
40317,Coulta,979,4,943,3,1008,4,914,2,213,SA
40318,Cowandilla,956,3,960,4,917,1,1008,7,1455,SA
40319,Cowell,945,2,911,2,957,2,889,2,1124,SA
40320,Cowirra,948,2,903,2,948,2,931,3,155,SA
40321,Cradock,1026,6,994,6,1026,6,1006,7,44,SA
40322,Crafers,1109,10,1119,10,1110,10,1137,10,2006,SA
40323,Crafers West,1107,10,1116,10,1117,10,1136,10,1307,SA
40324,Craigburn Farm,1122,10,1134,10,1153,10,1117,10,3099,SA
40325,Craigmore,940,2,906,2,991,4,876,1,10943,SA
40326,Crescent,998,5,969,4,1036,6,938,3,221,SA
40327,Cromer (SA),1076,9,1038,8,1105,10,1007,7,215,SA
40328,Cross Roads (SA),774,1,777,1,826,1,763,1,155,SA
40329,Croydon (SA),1006,5,1023,8,992,4,1065,9,1220,SA
40330,Croydon Park (SA),925,2,939,3,926,1,968,5,4230,SA
40331,Crystal Brook (SA),955,3,928,3,944,2,929,3,1537,SA
40332,Cudlee Creek,1057,8,1047,9,1099,10,1045,9,425,SA
40333,Culburra,1056,8,1030,8,1046,7,1045,9,81,SA
40334,Cultana,1044,7,1017,7,966,3,1064,9,9,SA
40335,Cumberland Park,1071,9,1070,9,1029,6,1091,10,2571,SA
40336,Cummins,1022,6,971,5,992,4,944,4,981,SA
40337,Cungena,998,5,982,5,992,4,987,6,25,SA
40338,Cunliffe,1037,7,984,5,1022,5,949,4,50,SA
40339,Cunningham (SA),972,3,943,3,968,3,954,4,78,SA
40340,Cunyarie,1076,9,1045,9,1065,8,1065,9,12,SA
40341,Curramulka,998,5,954,4,1004,4,942,4,304,SA
40342,Currency Creek,1023,6,992,6,1071,8,957,4,443,SA
40343,Custon,1019,6,988,6,1107,10,977,5,19,SA
40344,Cuttlefish Bay,1011,5,975,5,995,4,969,5,13,SA
40345,Cygnet River,1050,8,1024,8,1062,8,1045,9,72,SA
40346,D'Estrees Bay,1035,7,992,6,1044,7,997,6,11,SA
40347,Dalkey,1008,5,983,5,1043,7,983,6,16,SA
40349,Darke Peak,1060,8,1041,8,1051,7,1082,10,90,SA
40350,Darlington (SA),1008,5,991,6,970,3,1005,7,1275,SA
40351,Davenport (SA),256,1,469,1,616,1,592,1,156,SA
40352,Daveyston,1056,8,1018,7,1068,8,994,6,85,SA
40353,Davoren Park,693,1,733,1,797,1,762,1,6392,SA
40354,Daw Park,1024,6,1020,7,979,3,1048,9,2705,SA
40355,Dawesley,1071,9,1028,8,1099,10,1006,7,316,SA
40356,Dawson (SA),925,2,925,2,983,3,964,5,3,SA
40357,De Mole River,1019,6,997,6,1011,5,1027,8,3,SA
40358,Deep Creek (SA),944,2,922,2,947,2,958,4,28,SA
40359,Deepwater (SA),1057,8,1031,8,1052,7,1073,9,12,SA
40360,Delamere (SA),944,2,922,2,947,2,958,4,162,SA
40361,Denial Bay,986,4,978,5,987,3,1000,7,153,SA
40362,Dernancourt,1062,8,1038,8,1036,6,1049,9,4063,SA
40363,Devlins Pound,987,4,966,4,1025,5,977,5,13,SA
40364,Devon Park (SA),984,4,991,6,903,1,1050,9,1185,SA
40365,Dingabledinga,1031,6,1025,8,1071,8,1021,8,80,SA
40366,Direk,936,2,918,2,984,3,911,2,913,SA
40367,Dismal Swamp,1050,8,994,6,1078,9,975,5,63,SA
40368,Donovans,994,4,958,4,986,3,932,3,111,SA
40370,Douglas Point,1060,8,1011,7,1062,8,1024,8,47,SA
40371,Dover Gardens,985,4,971,5,944,2,1006,7,3062,SA
40372,Dowlingville,972,3,943,3,968,3,954,4,33,SA
40373,Dry Creek (SA),867,1,876,1,893,1,901,2,232,SA
40374,Dublin,901,1,863,1,955,2,816,1,405,SA
40375,Duck Ponds,957,3,911,2,1031,6,815,1,284,SA
40376,Dudley East,1011,5,975,5,995,4,969,5,58,SA
40377,Dudley Park (SA),830,1,857,1,819,1,905,2,670,SA
40378,Dudley West,1011,5,975,5,995,4,969,5,25,SA
40379,Dulwich,1083,10,1113,10,1037,6,1147,10,1659,SA
40380,Duncan,1019,6,997,6,1011,5,1027,8,67,SA
40381,Dutton,982,4,928,3,998,4,901,2,133,SA
40382,Dutton East,983,4,926,2,999,4,897,2,13,SA
40383,East Moonta,934,2,902,2,1004,4,907,2,130,SA
40384,Eastwood (SA),1052,8,1066,9,953,2,1133,10,712,SA
40385,Eba,822,1,817,1,882,1,851,1,27,SA
40386,Eba Anchorage,1021,6,971,5,1006,4,960,5,25,SA
40387,Ebenezer (SA),1049,8,997,6,1064,8,950,4,183,SA
40388,Echunga,1062,8,1035,8,1077,9,1027,8,1219,SA
40389,Eden Hills,1082,10,1065,9,1064,8,1076,9,3020,SA
40390,Eden Valley,998,5,967,4,1015,5,996,6,390,SA
40391,Edillilie,1050,8,1006,7,1084,9,996,6,129,SA
40394,Edithburgh,895,1,874,1,937,2,878,1,550,SA
40395,Edwardstown,962,3,965,4,897,1,1010,7,4514,SA
40396,Eight Mile Creek (SA),994,4,958,4,986,3,932,3,163,SA
40397,Elizabeth,717,1,769,1,777,1,799,1,1033,SA
40398,Elizabeth Downs,723,1,749,1,810,1,769,1,5160,SA
40399,Elizabeth East,737,1,765,1,802,1,800,1,4607,SA
40400,Elizabeth Grove,659,1,719,1,759,1,778,1,2531,SA
40401,Elizabeth North,713,1,741,1,765,1,778,1,3588,SA
40402,Elizabeth Park,744,1,773,1,831,1,802,1,4428,SA
40403,Elizabeth South,613,1,688,1,724,1,747,1,2933,SA
40404,Elizabeth Vale,645,1,722,1,777,1,782,1,4331,SA
40405,Elliston,938,2,922,2,951,2,947,4,375,SA
40406,Elwomple,958,3,917,2,997,4,890,2,90,SA
40407,Emu Bay,1060,8,998,6,1083,9,966,5,95,SA
40408,Emu Downs,1039,7,1003,6,1029,6,1015,7,52,SA
40409,Emu Flat (SA),1055,8,1037,8,1058,8,1053,9,106,SA
40410,Encounter Bay,975,3,934,3,969,3,926,3,5305,SA
40411,Enfield (SA),943,2,947,3,925,1,978,5,6204,SA
40412,Erindale,1103,10,1120,10,1097,9,1136,10,1172,SA
40413,Erith,1008,5,983,5,1043,7,983,6,51,SA
40414,Erskine (SA),1045,7,1041,8,1059,8,1093,10,4,SA
40415,Ethelton,984,4,963,4,932,2,975,5,1487,SA
40416,Ettrick (SA),978,3,943,3,999,4,919,3,37,SA
40417,Eudunda,912,2,877,1,927,1,876,1,815,SA
40418,Eurelia,1045,7,1041,8,1059,8,1093,10,21,SA
40419,Euromina,1006,5,987,6,1027,6,1043,8,25,SA
40420,Evandale (SA),1053,8,1059,9,998,4,1094,10,1378,SA
40421,Evanston,860,1,847,1,876,1,866,1,2580,SA
40422,Evanston Gardens,946,2,915,2,946,2,918,3,2347,SA
40423,Evanston Park,995,4,959,4,1008,4,946,4,4228,SA
40424,Evanston South,1006,5,972,5,1016,5,967,5,765,SA
40425,Everard Central,967,3,931,3,966,3,931,3,33,SA
40426,Everard Park,992,4,999,6,916,1,1036,8,1071,SA
40427,Exeter (SA),994,4,984,5,939,2,1031,8,1066,SA
40428,Eyre,966,3,931,3,1004,4,899,2,1113,SA
40429,Fairview Park,1061,8,1010,7,1047,7,972,5,3792,SA
40431,Farina,952,2,943,3,914,1,956,4,15,SA
40432,Farrell Flat,962,3,911,2,989,3,899,2,201,SA
40433,Felixstow,1013,5,1014,7,957,2,1055,9,2477,SA
40434,Ferryden Park,877,1,903,2,896,1,938,3,4495,SA
40435,Field,1057,8,1031,8,1052,7,1073,9,83,SA
40436,Findon,972,3,962,4,940,2,977,5,6997,SA
40437,Finniss,1039,7,1003,6,1073,8,969,5,293,SA
40438,Firle,1008,5,1009,7,964,2,1032,8,1508,SA
40439,Fischer,1007,5,960,4,1037,6,933,3,78,SA
40440,Fisher (SA),820,1,835,1,881,1,814,1,61,SA
40441,Fisherman Bay,704,1,751,1,799,1,826,1,140,SA
40442,Fitzroy (SA),1103,10,1117,10,1075,9,1110,10,783,SA
40443,Five Miles,930,2,884,1,954,2,847,1,6,SA
40444,Flagstaff Hill,1073,9,1047,9,1073,8,1042,8,10184,SA
40445,Flaxley,1046,7,1026,8,1068,8,1058,9,177,SA
40446,Flaxman Valley,1070,9,1045,9,1105,10,1048,9,285,SA
40448,Flinders Park,1033,7,1013,7,999,4,1009,7,5489,SA
40449,Flinders Ranges,1029,6,1001,6,958,2,1006,7,20,SA
40450,Florina Station,1029,6,1001,6,958,2,1006,7,15,SA
40451,Fords,1063,9,1022,8,1085,9,993,6,81,SA
40452,Forest Range,1055,8,1047,9,1057,7,1087,10,290,SA
40453,Forestville (SA),1061,8,1061,9,1002,4,1103,10,1400,SA
40454,Forreston,1070,9,1030,8,1082,9,1016,7,407,SA
40455,Forster (SA),943,2,920,2,962,2,922,3,14,SA
40456,Foul Bay,976,3,964,4,975,3,1005,7,40,SA
40457,Fountain,1060,8,1007,7,1050,7,994,6,9,SA
40458,Fox,1115,10,1083,10,1115,10,1089,10,49,SA
40459,Frahns,930,2,884,1,954,2,847,1,5,SA
40460,Frances,1019,6,997,6,1030,6,985,6,92,SA
40462,Frankton,980,4,942,3,996,4,952,4,15,SA
40463,Frayville,951,2,909,2,1000,4,907,2,8,SA
40464,Freeling,994,4,942,3,1043,7,907,2,2688,SA
40465,Frewville,1052,8,1062,9,994,4,1116,10,896,SA
40466,Frome Downs,952,2,943,3,914,1,956,4,9,SA
40467,Fulham (SA),1051,8,1039,8,1019,5,1034,8,2920,SA
40468,Fulham Gardens,1025,6,1009,7,1009,4,999,6,6573,SA
40469,Fullarton,1044,7,1063,9,990,4,1106,10,4500,SA
40470,Furner,1004,5,963,4,1016,5,966,5,156,SA
40471,Galga,926,2,924,2,991,4,945,4,28,SA
40472,Gammon Ranges,952,2,943,3,914,1,956,4,7,SA
40474,Gawler (SA),938,2,926,2,896,1,951,4,668,SA
40475,Gawler Belt,1068,9,1014,7,1113,10,971,5,1000,SA
40476,Gawler East,1007,5,971,5,1016,5,954,4,5689,SA
40478,Gawler River,977,3,941,3,1003,4,928,3,104,SA
40479,Gawler South,956,3,939,3,952,2,941,4,2618,SA
40480,Gawler West,836,1,824,1,842,1,850,1,975,SA
40481,Gemmells,1075,9,1054,9,1117,10,1071,9,99,SA
40482,Georgetown (SA),1003,5,982,5,969,3,1016,7,186,SA
40483,Gepps Cross,914,2,907,2,952,2,918,3,648,SA
40484,Geranium,1034,7,1011,7,1042,7,1038,8,83,SA
40485,Geranium Plains,826,1,818,1,911,1,859,1,5,SA
40486,Gerard,884,1,867,1,914,1,878,1,50,SA
40487,German Creek,979,4,951,3,1013,5,963,5,25,SA
40488,German Flat,1046,7,995,6,1070,8,974,5,18,SA
40489,Germein Bay,892,1,884,1,950,2,903,2,5,SA
40490,Gidgealpa,952,2,943,3,914,1,956,4,100,SA
40491,Gifford Hill,1009,5,965,4,1032,6,944,4,38,SA
40492,Gilberton (SA),1058,8,1086,10,975,3,1124,10,1528,SA
40493,Giles Corner,1019,6,979,5,1011,5,995,6,26,SA
40494,Gillentown,1055,8,1037,8,1058,8,1053,9,108,SA
40495,Gilles Plains,950,2,944,3,928,2,971,5,4101,SA
40496,Gillman,885,1,884,1,888,1,906,2,76,SA
40497,Gladstone (SA),888,1,867,1,911,1,887,2,745,SA
40498,Glandore,1006,5,1013,7,946,2,1059,9,3041,SA
40499,Glanville,977,3,946,3,947,2,943,4,728,SA
40500,Glen Osmond,1099,10,1124,10,1106,10,1135,10,2154,SA
40501,Glenalta,1093,10,1083,10,1059,8,1130,10,2039,SA
40502,Glenburnie,1043,7,972,5,1056,7,911,2,396,SA
40503,Glencoe (SA),1020,6,972,5,1033,6,950,4,633,SA
40505,Glenelg (SA),1023,6,1030,8,940,2,1059,9,3440,SA
40506,Glenelg East,1053,8,1050,9,1011,5,1060,9,3855,SA
40507,Glenelg North,1054,8,1046,9,998,4,1055,9,6594,SA
40508,Glenelg South,1053,8,1057,9,982,3,1075,9,2184,SA
40509,Glengowrie,1061,8,1046,9,1016,5,1047,9,5767,SA
40510,Glenroy (SA),1064,9,1039,8,1047,7,1043,8,76,SA
40511,Glenside,1035,7,1043,9,944,2,1096,10,2852,SA
40512,Glenunga,1084,10,1103,10,1039,6,1131,10,2184,SA
40513,Globe Derby Park,985,4,941,3,1005,4,885,2,360,SA
40514,Glossop,953,3,926,2,1005,4,881,1,919,SA
40515,Glynde,995,4,991,6,943,2,1012,7,2102,SA
40516,Golden Grove,1042,7,1016,7,1033,6,1005,7,10299,SA
40517,Golden Heights,979,4,946,3,993,4,901,2,271,SA
40518,Gomersal,1103,10,1063,9,1085,9,1057,9,60,SA
40519,Good Hope Landing,969,3,941,3,983,3,930,3,30,SA
40520,Goodwood (SA),1060,8,1082,10,986,3,1133,10,2823,SA
40521,Goolwa,916,2,889,1,917,1,893,2,2558,SA
40522,Goolwa Beach,953,2,907,2,966,3,893,2,2222,SA
40523,Goolwa North,970,3,924,2,966,3,923,3,1307,SA
40524,Goolwa South,936,2,908,2,953,2,920,3,1041,SA
40525,Gosse,1019,6,997,6,1011,5,1027,8,25,SA
40526,Gould Creek,1088,10,1056,9,1139,10,971,5,240,SA
40527,Goyder,967,3,931,3,966,3,931,3,24,SA
40528,Grace Plains,1019,6,984,5,1079,9,991,6,61,SA
40529,Grampus,1029,6,1001,6,958,2,1006,7,11,SA
40530,Grange (SA),1052,8,1044,9,1023,5,1048,9,6143,SA
40531,Green Fields,1014,5,1003,6,1031,6,1024,8,170,SA
40532,Green Hills Range,1046,7,1026,8,1068,8,1058,9,88,SA
40533,Green Patch,1060,8,1007,7,1050,7,994,6,53,SA
40534,Greenacres,982,4,972,5,954,2,997,6,3356,SA
40535,Greenhill (SA),1105,10,1094,10,1106,10,1109,10,454,SA
40536,Greenock,1056,8,1009,7,1075,8,984,6,1199,SA
40537,Greenways,997,4,966,4,999,4,975,5,35,SA
40538,Greenwith,1045,7,1011,7,1045,7,993,6,10103,SA
40539,Gulfview Heights,1051,8,1012,7,1085,9,961,5,3674,SA
40540,Gulnare,959,3,938,3,990,4,999,6,80,SA
40541,Gum Creek,1039,7,1003,6,1029,6,1015,7,30,SA
40542,Gumeracha,1035,7,1005,7,1029,6,999,6,847,SA
40543,Gurra Gurra,939,2,921,2,959,2,900,2,104,SA
40544,Hackham,915,2,876,1,938,2,864,1,4491,SA
40545,Hackham West,806,1,800,1,851,1,826,1,3620,SA
40546,Hacklins Corner,1006,5,987,6,1027,6,1043,8,29,SA
40547,Hackney,982,4,1018,7,867,1,1108,10,575,SA
40548,Hahndorf,1060,8,1042,9,1050,7,1040,8,2814,SA
40549,Haines,1035,7,992,6,1044,7,997,6,163,SA
40550,Halbury,916,2,912,2,993,4,934,3,211,SA
40551,Halidon,926,2,924,2,991,4,945,4,13,SA
40553,Hallett,1027,6,995,6,968,3,985,6,166,SA
40554,Hallett Cove,1057,8,1025,8,1052,7,1011,7,12512,SA
40556,Hamilton (SA),1033,7,998,6,1061,8,975,5,82,SA
40557,Hamley,934,2,902,2,1004,4,907,2,31,SA
40558,Hamley Bridge,880,1,867,1,933,2,857,1,709,SA
40559,Hammond,1018,6,981,5,1044,7,981,6,22,SA
40560,Hampden (SA),971,3,940,3,995,4,930,3,75,SA
40561,Hampstead Gardens,979,4,981,5,927,1,1020,8,1535,SA
40562,Hansborough,988,4,953,4,1014,5,934,3,47,SA
40563,Hanson,1039,7,1003,6,1029,6,1015,7,23,SA
40564,Happy Valley (SA),1046,7,997,6,1034,6,984,6,11420,SA
40565,Hardwicke Bay,926,2,917,2,954,2,916,3,149,SA
40567,Harrogate,1050,8,1017,7,1080,9,988,6,431,SA
40568,Hart (SA),1059,8,1033,8,1084,9,1040,8,47,SA
40569,Hartley (SA),1069,9,1016,7,1075,9,981,6,149,SA
40570,Haslam,998,5,982,5,992,4,987,6,63,SA
40571,Hatherleigh,1004,5,963,4,1016,5,966,5,154,SA
40572,Hawker (SA),980,4,952,4,928,2,953,4,301,SA
40573,Hawson,1060,8,1007,7,1050,7,994,6,119,SA
40574,Hawthorn (SA),1087,10,1108,10,1061,8,1134,10,2221,SA
40575,Hawthorndene,1101,10,1080,10,1083,9,1101,10,3389,SA
40576,Hay Flat,1014,5,984,5,1040,6,967,5,72,SA
40577,Hay Valley,1042,7,990,6,1039,6,956,4,25,SA
40578,Hayborough,935,2,900,2,962,2,900,2,2238,SA
40579,Hazelwood Park,1106,10,1127,10,1069,8,1159,10,1953,SA
40580,Heathfield,1082,10,1080,10,1093,9,1081,10,1062,SA
40581,Heathpool,1085,10,1114,10,1068,8,1138,10,596,SA
40582,Hectorville,976,3,975,5,934,2,1005,7,4241,SA
40583,Hendon (SA),941,2,932,3,924,1,950,4,1271,SA
40584,Henley Beach,1064,9,1064,9,1014,5,1071,9,6259,SA
40585,Henley Beach South,1074,9,1076,10,1031,6,1081,10,2799,SA
40586,Hewett,1086,10,1043,9,1112,10,999,6,2961,SA
40587,Highbury (SA),1071,9,1044,9,1065,8,1035,8,6956,SA
40588,Highgate (SA),1103,10,1112,10,1061,8,1147,10,1504,SA
40589,Highland Valley,1076,9,1042,9,1112,10,1017,7,384,SA
40590,Hill River (SA),1058,8,1036,8,1029,6,1031,8,98,SA
40591,Hillbank,1004,5,963,4,1035,6,924,3,5013,SA
40592,Hillcrest (SA),995,4,989,6,957,2,1025,8,3659,SA
40593,Hillier,937,2,912,2,965,3,889,2,814,SA
40594,Hilltown,1058,8,1036,8,1029,6,1031,8,42,SA
40595,Hilton (SA),1010,5,1014,7,933,2,1045,9,908,SA
40597,Hindmarsh (SA),928,2,957,4,850,1,1026,8,232,SA
40598,Hindmarsh Island,987,4,950,3,999,4,946,4,1846,SA
40599,Hindmarsh Tiers,1044,7,1006,7,1059,8,1011,7,111,SA
40600,Hindmarsh Valley,1045,7,1004,7,1075,9,975,5,648,SA
40601,Holden Hill,965,3,947,3,936,2,961,5,3716,SA
40602,Holder (SA),961,3,909,2,999,4,880,1,123,SA
40603,Holder Siding,994,4,971,5,1011,5,978,5,13,SA
40604,Honiton,1030,6,976,5,1021,5,960,5,46,SA
40605,Hope Forest,1061,8,1038,8,1107,10,1019,7,143,SA
40606,Hope Gap,1014,5,990,6,981,3,992,6,3,SA
40607,Hope Valley (SA),1005,5,971,5,983,3,959,4,8184,SA
40608,Hornsdale,1049,8,1022,7,1089,9,1075,9,36,SA
40610,Hoskin Corner,1008,5,983,5,1043,7,983,6,16,SA
40611,Houghton,1087,10,1055,9,1130,10,1018,7,511,SA
40612,Hove,1053,8,1043,9,1001,4,1060,9,3189,SA
40613,Hoyleton,916,2,912,2,993,4,934,3,120,SA
40614,Huddleston,1015,5,992,6,1010,5,1005,7,23,SA
40615,Humbug Scrub,1102,10,1056,9,1105,10,1035,8,410,SA
40616,Huntfield Heights,888,1,857,1,920,1,865,1,4199,SA
40617,Hyde Park (SA),1097,10,1118,10,1044,7,1139,10,1660,SA
40618,Hynam,1067,9,1041,8,1075,9,1054,9,198,SA
40619,Ingle Farm,935,2,909,2,942,2,901,2,9543,SA
40620,Inglewood (SA),1070,9,1052,9,1080,9,1019,7,378,SA
40621,Ingomar,1007,5,959,4,983,3,904,2,19,SA
40622,Inkerman (SA),931,2,915,2,984,3,909,2,23,SA
40623,Inkster,1021,6,971,5,1006,4,960,5,14,SA
40624,Inman Valley,1026,6,1002,6,1049,7,1016,7,361,SA
40625,Innamincka,952,2,943,3,914,1,956,4,21,SA
40627,Iron Knob,759,1,766,1,769,1,698,1,110,SA
40628,Ironbank,1122,10,1112,10,1146,10,1116,10,537,SA
40629,Ironstone,1011,5,975,5,995,4,969,5,20,SA
40630,Island Beach,1011,5,975,5,995,4,969,5,71,SA
40632,Iwantja,440,1,669,1,504,1,886,2,338,SA
40633,Jabuk,995,4,997,6,1006,4,1034,8,56,SA
40634,James Well,1056,8,996,6,1031,6,899,2,63,SA
40635,Jamestown,997,4,962,4,978,3,949,4,1549,SA
40637,Jericho (SA),893,1,842,1,952,2,804,1,17,SA
40638,Jerusalem,1023,6,957,4,1049,7,879,1,424,SA
40639,Jervois,971,3,926,2,993,4,904,2,258,SA
40640,Joanna,1067,9,1041,8,1075,9,1054,9,106,SA
40641,Johnburgh,1045,7,1041,8,1059,8,1093,10,10,SA
40642,Joslin,1079,9,1104,10,1081,9,1106,10,1243,SA
40644,Julia,971,3,940,3,995,4,930,3,21,SA
40645,Jupiter Creek,1077,9,1057,9,1111,10,1047,9,231,SA
40646,Kadina,932,2,901,2,939,2,893,2,2944,SA
40647,Kainton,881,1,873,1,937,2,905,2,54,SA
40648,Kalamurina,952,2,943,3,914,1,956,4,3,SA
40649,Kalanbi,986,4,978,5,987,3,1000,7,27,SA
40650,Kalangadoo,908,1,886,1,955,2,895,2,457,SA
40651,Kalbeeba,1067,9,1023,8,1097,9,1004,7,411,SA
40652,Kaldoonera,998,5,982,5,992,4,987,6,38,SA
40653,Kalka,396,1,656,1,347,1,916,3,112,SA
40654,Kallora,931,2,915,2,984,3,909,2,17,SA
40655,Kaltjiti,318,1,596,1,431,1,758,1,261,SA
40656,Kangarilla,1074,9,1034,8,1083,9,1008,7,905,SA
40657,Kangaroo Flat (SA),1023,6,1000,6,1043,7,982,6,104,SA
40658,Kangaroo Head,1011,5,975,5,995,4,969,5,18,SA
40660,Kanmantoo,1015,5,957,4,1057,7,926,3,686,SA
40661,Kanni,994,4,971,5,1011,5,978,5,36,SA
40662,Kanpi,563,1,761,1,505,1,1051,9,56,SA
40663,Kanyaka,1024,6,989,6,1022,5,995,6,8,SA
40664,Kapinnie,1109,10,1058,9,1104,10,1053,9,42,SA
40666,Kapunda,952,2,910,2,967,3,897,2,2947,SA
40667,Karatta,1019,6,997,6,1011,5,1027,8,37,SA
40668,Karcultaby,978,3,963,4,967,3,987,6,23,SA
40669,Karkoo,1035,7,1050,9,1036,6,1114,10,52,SA
40670,Karoonda,933,2,900,2,935,2,909,2,517,SA
40671,Karte,1025,6,982,5,1022,5,978,5,32,SA
40673,Keilira,1047,8,1033,8,1038,6,1030,8,58,SA
40674,Keith,992,4,940,3,974,3,912,2,1405,SA
40675,Kellidie Bay,979,4,943,3,1008,4,914,2,21,SA
40676,Kelly,1076,9,1045,9,1065,8,1065,9,59,SA
40677,Kensington (SA),1003,5,1021,7,911,1,1092,10,1808,SA
40678,Kensington Gardens,1061,8,1073,10,1001,4,1108,10,2498,SA
40679,Kensington Park,1070,9,1093,10,1026,5,1123,10,2627,SA
40680,Kent Town,1003,5,1035,8,884,1,1099,10,1443,SA
40681,Kenton Valley,1053,8,1025,8,1062,8,1013,7,262,SA
40682,Kepa,978,3,943,3,999,4,919,3,60,SA
40683,Keppoch,1064,9,1047,9,1053,7,1100,10,65,SA
40684,Kersbrook,1062,9,1030,8,1089,9,1001,7,1116,SA
40685,Keswick,988,4,990,6,898,1,1039,8,754,SA
40687,Keyneton,993,4,943,3,1025,5,933,3,321,SA
40688,Ki Ki,993,4,972,5,1024,5,965,5,47,SA
40689,Kiana,1035,7,1050,9,1036,6,1114,10,10,SA
40690,Kidman Park,1019,6,1005,7,997,4,998,6,3874,SA
40691,Kielpa,1060,8,1041,8,1051,7,1082,10,55,SA
40692,Kilburn,814,1,867,1,837,1,933,3,5633,SA
40693,Kilkenny,957,3,957,4,933,2,977,5,1846,SA
40694,Kimba,980,4,942,3,965,3,930,3,608,SA
40695,Kingoonya,1007,5,959,4,983,3,904,2,4,SA
40696,Kings Park (SA),1058,8,1079,10,1016,5,1115,10,574,SA
40697,Kingscote,969,3,928,3,943,2,914,2,1962,SA
40698,Kingsford (SA),1023,6,1000,6,1043,7,982,6,58,SA
40699,Kingston On Murray,969,3,941,3,983,3,930,3,312,SA
40700,Kingston Park,1073,9,1064,9,1056,7,1078,9,623,SA
40701,Kingston Se,960,3,921,2,965,2,881,1,1342,SA
40702,Kingswood (SA),1055,8,1068,9,1024,5,1096,10,2554,SA
40703,Klemzig,996,4,996,6,939,2,1033,8,6713,SA
40704,Kohinoor,1035,7,992,6,1044,7,997,6,39,SA
40706,Kongal,1051,8,1050,9,1071,8,1065,9,14,SA
40707,Kongorong,979,4,951,3,1013,5,963,5,221,SA
40709,Koolunga,981,4,963,4,965,3,1001,7,183,SA
40710,Koolywurtie,1004,5,965,4,1029,6,957,4,101,SA
40711,Koonamore,1029,6,1001,6,958,2,1006,7,5,SA
40712,Koongawa,1076,9,1045,9,1065,8,1065,9,43,SA
40713,Koonibba,672,1,756,1,589,1,804,1,140,SA
40714,Koonoona,1039,7,1003,6,1029,6,1015,7,7,SA
40715,Koonunga,1049,8,997,6,1064,8,950,4,38,SA
40716,Koorine,1020,6,972,5,1033,6,950,4,53,SA
40717,Kooroona,934,2,902,2,1004,4,907,2,17,SA
40718,Koppamurra,1067,9,1041,8,1075,9,1054,9,60,SA
40719,Koppio,1029,6,977,5,1022,5,972,5,61,SA
40720,Korunye,1008,5,960,4,1054,7,954,4,224,SA
40721,Kringin,955,3,922,2,1006,4,939,3,3,SA
40722,Krondorf,1096,10,1068,9,1071,8,1038,8,63,SA
40723,Krongart,1054,8,1033,8,1040,6,1069,9,4,SA
40724,Kudla,965,3,945,3,1035,6,909,2,551,SA
40725,Kuitpo,1051,8,1032,8,1075,9,1017,7,198,SA
40726,Kuitpo Colony,1031,6,1025,8,1071,8,1021,8,47,SA
40727,Kulpara,1079,9,1048,9,1071,8,1077,9,56,SA
40728,Kurralta Park,1001,5,1007,7,918,1,1051,9,3139,SA
40729,Kyancutta,1053,8,1011,7,1029,6,1011,7,63,SA
40730,Kybunga,916,2,912,2,993,4,934,3,69,SA
40731,Kybybolite,1019,6,997,6,1030,6,985,6,102,SA
40732,Kyeema,1031,6,1025,8,1071,8,1021,8,21,SA
40733,Laffer,1062,9,1050,9,1088,9,1064,9,53,SA
40736,Lake Carlet,833,1,838,1,955,2,828,1,8,SA
40737,Lake Everard,1007,5,959,4,983,3,904,2,3,SA
40743,Lake Plains,1068,9,1035,8,1056,7,1018,7,48,SA
40745,Lake View,1014,5,990,6,981,3,992,6,11,SA
40746,Lameroo,1010,5,975,5,997,4,944,4,857,SA
40747,Langhorne Creek,1041,7,1013,7,1050,7,1002,7,444,SA
40748,Langs Landing,1022,6,1084,10,999,4,1093,10,4,SA
40749,Largs Bay,1036,7,1017,7,1016,5,1008,7,4104,SA
40750,Largs North,1008,5,979,5,973,3,972,5,4005,SA
40751,Laura (SA),975,3,939,3,964,2,948,4,765,SA
40752,Laura Bay,986,4,978,5,987,3,1000,7,11,SA
40753,Leabrook,1085,10,1097,10,1021,5,1126,10,1605,SA
40754,Leasingham,1044,7,1000,6,1043,7,995,6,114,SA
40755,Leawood Gardens,1109,10,1107,10,1118,10,1120,10,57,SA
40756,Leigh Creek (SA),979,4,959,4,793,1,965,5,91,SA
40757,Leigh Creek Station,952,2,943,3,914,1,956,4,8,SA
40758,Leighton,1039,7,1003,6,1029,6,1015,7,46,SA
40759,Lenswood,1088,10,1045,9,1073,8,1048,9,534,SA
40760,Lewiston,1015,5,962,4,1076,9,903,2,3275,SA
40761,Light Pass,1056,8,1009,7,1085,9,971,5,256,SA
40762,Lightsview,1054,8,1051,9,994,4,1081,10,6090,SA
40764,Linden Park,1059,8,1080,10,1017,5,1130,10,2367,SA
40766,Lindon,952,2,943,3,914,1,956,4,8,SA
40767,Linwood,1054,8,1009,7,1077,9,995,6,41,SA
40768,Lipson,959,3,937,3,977,3,980,6,211,SA
40769,Little Douglas,979,4,943,3,1008,4,914,2,8,SA
40770,Littlehampton,1068,9,1037,8,1073,8,1035,8,3300,SA
40771,Lobethal,1021,6,976,5,1024,5,967,5,2534,SA
40772,Lochaber,1064,9,1047,9,1053,7,1100,10,122,SA
40773,Lochiel (SA),967,3,931,3,966,3,931,3,104,SA
40774,Lock,976,3,973,5,976,3,1021,8,253,SA
40775,Lockleys,1062,8,1052,9,1028,6,1048,9,5987,SA
40776,Long Flat (SA),1025,6,989,6,1055,7,964,5,103,SA
40777,Long Plains,943,2,915,2,995,4,871,1,62,SA
40778,Longwood (SA),1103,10,1089,10,1137,10,1085,10,325,SA
40779,Lonsdale,-,-,-,-,-,-,882,1,23,SA
40780,Louth Bay,953,2,920,2,950,2,930,3,125,#N/A
40781,Loveday,942,2,910,2,987,3,894,2,655,SA
40782,Lowan Vale,1045,7,1028,8,1079,9,1046,9,32,SA
40783,Lowbank,994,4,971,5,1011,5,978,5,22,SA
40784,Lower Broughton,1084,10,1020,7,1093,9,1022,8,40,SA
40785,Lower Hermitage,1077,9,1046,9,1085,9,1012,7,195,SA
40786,Lower Inman Valley,1068,9,1028,8,1117,10,981,6,517,SA
40787,Lower Light,978,3,957,4,987,3,936,3,203,SA
40788,Lower Mitcham,1088,10,1086,10,1046,7,1113,10,2187,SA
40789,Loxton,955,3,922,2,955,2,917,3,4677,SA
40790,Loxton North,1015,6,968,4,1039,6,925,3,897,SA
40791,Lucindale,1011,5,977,5,1018,5,964,5,637,SA
40792,Lucky Bay,1060,8,1011,7,1062,8,1024,8,15,SA
40793,Lyndhurst (SA),952,2,943,3,914,1,956,4,3,SA
40794,Lyndoch,1033,7,989,6,1035,6,971,5,2151,SA
40795,Lynton,1107,10,1106,10,1084,9,1138,10,222,SA
40796,Lyrup,939,2,921,2,959,2,900,2,346,SA
40797,Maaoupe,1064,9,1039,8,1047,7,1043,8,93,SA
40798,Mabel Creek,1007,5,959,4,983,3,904,2,9,SA
40799,Macclesfield (SA),1047,8,1017,7,1058,8,1023,8,1413,SA
40800,Macdonald Park,1011,5,975,5,1054,7,937,3,503,SA
40801,Macgillivray,1035,7,992,6,1044,7,997,6,117,SA
40802,Macumba,952,2,943,3,914,1,956,4,15,SA
40803,Magarey,1014,5,981,5,1028,6,970,5,30,SA
40804,Magdala,1060,8,1032,8,1057,7,1031,8,79,SA
40805,Maggea,994,4,971,5,1011,5,978,5,15,SA
40806,Magill,1026,6,1034,8,980,3,1072,9,9693,SA
40807,Mahanewo,1007,5,959,4,983,3,904,2,3,SA
40808,Maitland (SA),950,2,917,2,965,3,897,2,1312,SA
40809,Makin,1045,7,1028,8,1079,9,1046,9,17,SA
40810,Malinong,1020,6,982,5,1014,5,965,5,47,SA
40811,Mallala,933,2,906,2,964,2,861,1,1042,SA
40812,Malpas,955,3,922,2,1006,4,939,3,9,SA
40813,Maltee,986,4,978,5,987,3,1000,7,13,SA
40814,Malvern (SA),1103,10,1129,10,1090,9,1141,10,2713,SA
40815,Mambray Creek,1024,6,1004,7,1001,4,1013,7,26,SA
40816,Mangalo,1060,8,1011,7,1062,8,1024,8,56,SA
40817,Manna Hill,1029,6,1001,6,958,2,1006,7,4,SA
40818,Mannanarie,1049,8,1022,7,1089,9,1075,9,52,SA
40819,Manningham,1060,8,1051,9,1023,5,1053,9,1391,SA
40820,Mannum,884,1,856,1,921,1,853,1,2919,SA
40821,Manoora (SA),1029,6,990,6,1047,7,995,6,134,SA
40822,Mansfield Park,865,1,893,2,904,1,935,3,4608,SA
40823,Mantung,926,2,924,2,991,4,945,4,18,SA
40824,Marama,1026,6,1000,6,1059,8,1039,8,51,SA
40825,Marananga,1056,8,1018,7,1068,8,994,6,119,SA
40826,Marble Hill,1074,9,1079,10,1082,9,1120,10,69,SA
40827,Marcollat,1047,8,1033,8,1038,6,1030,8,98,SA
40828,Marden,1011,5,1017,7,935,2,1061,9,2645,SA
40829,Marino,1080,9,1073,10,1073,8,1091,10,2277,SA
40830,Marion,1013,5,995,6,967,3,1008,7,4101,SA
40831,Marion Bay (SA),914,2,883,1,952,2,892,2,210,SA
40832,Markaranka,987,4,966,4,1025,5,977,5,37,SA
40833,Marks Landing,819,1,810,1,878,1,819,1,63,SA
40834,Marla,1007,5,959,4,983,3,904,2,38,SA
40835,Marleston,979,4,977,5,910,1,1017,7,1950,SA
40836,Marola,1059,8,1033,8,1084,9,1040,8,8,SA
40837,Marrabel,1030,6,989,6,1028,6,993,6,101,SA
40838,Marree,952,2,943,3,914,1,956,4,65,SA
40839,Marryatville,1025,6,1050,9,956,2,1117,10,648,SA
40840,Maryvale (SA),1021,6,971,5,1006,4,960,5,11,SA
40841,Maslin Beach,989,4,954,4,984,3,954,4,1213,SA
40842,Matta Flat,1023,6,957,4,1049,7,879,1,82,SA
40843,Maude (SA),822,1,817,1,882,1,851,1,3,SA
40844,Mawson Lakes,1035,7,1029,8,997,4,1050,9,13794,SA
40845,Mayfield (SA),1006,5,987,6,1027,6,1043,8,4,SA
40846,Maylands (SA),1057,8,1082,10,995,4,1124,10,1508,SA
40847,McBean Pound,822,1,817,1,882,1,851,1,22,SA
40848,McCallum,1045,7,1028,8,1079,9,1046,9,16,SA
40849,McCracken,954,3,917,2,972,3,907,2,2076,SA
40850,McHarg Creek,1031,6,1025,8,1071,8,1021,8,72,SA
40851,McLaren Flat,1063,9,1023,8,1094,9,985,6,1625,SA
40852,McLaren Vale,1026,6,995,6,1022,5,991,6,4061,SA
40853,Meadows,1062,8,1009,7,1079,9,978,5,1717,SA
40854,Medindie,1116,10,1148,10,1138,10,1152,10,1175,SA
40855,Medindie Gardens,1102,10,1123,10,1124,10,1136,10,352,SA
40856,Melrose (SA),1023,6,999,6,1011,5,1006,7,342,SA
40857,Melrose Park (SA),1031,6,1015,7,986,3,1035,8,2319,SA
40858,Melton (SA),1079,9,1048,9,1071,8,1077,9,29,SA
40859,Meningie,928,2,906,2,941,2,905,2,1118,SA
40860,Meningie East,1020,6,982,5,1014,5,965,5,18,SA
40861,Meningie West,987,4,964,4,970,3,980,6,33,SA
40862,Menzies (SA),1050,8,1024,8,1062,8,1045,9,83,SA
40863,Mercunda,926,2,924,2,991,4,945,4,8,SA
40864,Merghiny,986,4,978,5,987,3,1000,7,17,SA
40865,Meribah,869,1,898,2,941,2,868,1,39,SA
40866,Merriton,1056,8,1021,7,1049,7,1013,7,55,SA
40867,Middle Beach,978,3,957,4,987,3,936,3,94,SA
40868,Middle River,1019,6,997,6,1011,5,1027,8,23,SA
40869,Middleback Range,1044,7,1017,7,966,3,1064,9,3,SA
40870,Middleton (SA),1032,7,990,6,1033,6,997,6,1298,SA
40871,Midgee (SA),1060,8,1011,7,1062,8,1024,8,21,SA
40872,Mil-Lel,1078,9,1025,8,1112,10,972,5,382,SA
40873,Milang,892,1,858,1,943,2,845,1,962,SA
40874,Mile End,1004,5,1018,7,937,2,1064,9,4536,SA
40875,Mile End South,983,4,998,6,940,2,1044,8,19,SA
40876,Milendella,951,2,909,2,1000,4,907,2,56,SA
40877,Millbrook (SA),1070,9,1052,9,1080,9,1019,7,133,SA
40878,Millicent,902,1,867,1,923,1,851,1,5110,SA
40879,Millswood,1113,10,1128,10,1095,9,1143,10,2173,SA
40880,Miltalie,1060,8,1011,7,1062,8,1024,8,67,SA
40881,Mimili,526,1,720,1,509,1,889,2,277,SA
40882,Minbrie,1060,8,1011,7,1062,8,1024,8,33,SA
40883,Minburra,1045,7,1041,8,1059,8,1093,10,4,SA
40884,Mindarie (SA),926,2,924,2,991,4,945,4,32,SA
40885,Mingbool,1056,8,1007,7,1071,8,989,6,123,SA
40886,Minlaton,945,2,903,2,946,2,900,2,1018,SA
40887,Minnipa,978,3,963,4,967,3,987,6,174,SA
40888,Mintaro,1051,8,1022,8,1052,7,1044,9,218,SA
40889,Minvalara,925,2,925,2,983,3,964,5,22,SA
40890,Miranda (SA),1020,6,1001,6,955,2,887,2,41,SA
40891,Mitcham (SA),1074,9,1085,10,1033,6,1119,10,1832,SA
40892,Mitchell (SA),1035,7,1050,9,1036,6,1114,10,47,SA
40893,Mitchell Park (SA),915,2,923,2,870,1,980,6,5754,SA
40894,Mitchellville,1060,8,1011,7,1062,8,1024,8,21,SA
40895,Moana,1036,7,990,6,1034,6,973,5,3316,SA
40896,Mobilong,943,2,874,1,975,3,835,1,7,SA
40897,Moculta,1005,5,982,5,1066,8,953,4,228,SA
40898,Modbury,976,3,953,4,949,2,959,4,5593,SA
40899,Modbury Heights,1019,6,978,5,1006,4,968,5,6995,SA
40900,Modbury North,1024,6,986,5,1008,4,975,5,5704,SA
40901,Moerlong,1054,8,1033,8,1040,6,1069,9,24,SA
40902,Monarto,1019,6,971,5,1041,6,936,3,203,SA
40903,Monarto South,1009,5,965,4,1032,6,944,4,152,SA
40904,Monash (SA),984,4,938,3,1028,6,908,2,1110,SA
40905,Monbulla,1054,8,1019,7,1055,7,1001,7,122,SA
40906,Mongolata,1039,7,1003,6,1029,6,1015,7,7,SA
40907,Montacute,1092,10,1087,10,1074,8,1109,10,332,SA
40908,Montarra,1031,6,1025,8,1071,8,1021,8,28,SA
40909,Monteith,978,3,943,3,999,4,919,3,104,SA
40910,Moockra,1021,6,986,5,1031,6,989,6,12,SA
40911,Moody,1066,9,1030,8,1061,8,1032,8,19,SA
40912,Mooleulooloo,1029,6,1001,6,958,2,1006,7,25,SA
40913,Moonaree,1007,5,959,4,983,3,904,2,4,SA
40914,Moonta,852,1,842,1,870,1,853,1,624,SA
40915,Moonta Bay,958,3,917,2,981,3,886,2,2633,SA
40916,Moonta Mines,934,2,902,2,1004,4,907,2,177,SA
40917,Moorak,1023,6,978,5,1090,9,911,2,1412,SA
40918,Moorlands,993,4,972,5,1024,5,965,5,64,SA
40919,Moorook,969,3,941,3,983,3,930,3,171,SA
40920,Moorook South,898,1,864,1,934,2,859,1,166,SA
40921,Moppa,1068,9,1029,8,1089,9,992,6,69,SA
40922,Morchard,1045,7,1041,8,1059,8,1093,10,19,SA
40923,Morgan,826,1,816,1,870,1,806,1,509,SA
40924,Morn Hill,1054,8,1009,7,1077,9,995,6,12,SA
40925,Morphett Vale,934,2,894,2,940,2,885,2,24002,SA
40926,Morphetts Flat,1018,6,973,5,955,2,968,5,9,SA
40927,Morphettville,967,3,967,4,924,1,996,6,3686,SA
40928,Mortana,1021,6,971,5,1006,4,960,5,23,SA
40929,Moseley,1076,9,1045,9,1065,8,1065,9,19,SA
40930,Mosquito Hill,1038,7,999,6,1098,10,991,6,137,SA
40931,Motpena,1029,6,1001,6,958,2,1006,7,6,SA
40932,Mount Barker (SA),1019,6,988,6,1010,5,992,6,18330,SA
40933,Mount Barker Junction,1063,9,1061,9,1107,10,1050,9,8,SA
40934,Mount Barker Springs,1079,9,1052,9,1104,10,1052,9,174,SA
40935,Mount Barker Summit,1079,9,1052,9,1104,10,1052,9,100,SA
40936,Mount Benson,997,4,966,4,999,4,975,5,130,SA
40937,Mount Bryan,961,3,925,2,975,3,928,3,114,SA
40938,Mount Bryan East,1027,6,995,6,968,3,985,6,7,SA
40939,Mount Burr,862,1,818,1,944,2,784,1,367,SA
40940,Mount Charles,1062,9,1050,9,1088,9,1064,9,58,SA
40941,Mount Compass,1017,6,968,4,1057,7,950,4,1580,SA
40942,Mount Cooper (SA),1021,6,971,5,1006,4,960,5,14,SA
40943,Mount Crawford,1062,9,1024,8,1096,9,985,6,138,SA
40944,Mount Damper,975,3,963,4,965,3,990,6,37,SA
40945,Mount Drummond,1109,10,1058,9,1104,10,1053,9,14,SA
40946,Mount Dutton Bay,979,4,943,3,1008,4,914,2,53,SA
40947,Mount Gambier,917,2,887,1,920,1,880,1,25591,SA
40948,Mount George (SA),1132,10,1129,10,1140,10,1130,10,276,SA
40949,Mount Hope (SA),1109,10,1058,9,1104,10,1053,9,41,SA
40950,Mount Ive,1044,7,1017,7,966,3,1064,9,12,SA
40951,Mount Jagged,1038,7,995,6,1090,9,986,6,155,SA
40952,Mount Joy,965,3,964,4,959,2,1001,7,7,SA
40953,Mount Light,1073,9,1030,8,1089,9,1010,7,155,SA
40954,Mount Magnificent,1032,7,994,6,1086,9,975,5,60,SA
40955,Mount Mary,822,1,817,1,882,1,851,1,36,SA
40956,Mount Mcintyre,1082,10,1039,8,1068,8,1021,8,70,SA
40957,Mount Mckenzie,1070,9,1045,9,1105,10,1048,9,58,SA
40958,Mount Observation (SA),1032,7,994,6,1086,9,975,5,10,SA
40959,Mount Osmond,1110,10,1141,10,1143,10,1153,10,464,SA
40960,Mount Pleasant (SA),978,3,941,3,1007,4,928,3,1058,SA
40961,Mount Schank,1064,9,1016,7,1059,8,985,6,264,SA
40962,Mount Serle,952,2,943,3,914,1,956,4,11,SA
40963,Mount Templeton,967,3,931,3,966,3,931,3,50,SA
40964,Mount Torrens,1071,9,1022,7,1084,9,990,6,768,SA
40965,Mount Wedge,965,3,964,4,959,2,1001,7,17,SA
40966,Mount Willoughby,1007,5,959,4,983,3,904,2,17,SA
40967,Moyhall,1067,9,1041,8,1075,9,1054,9,52,SA
40968,Mudamuckla,986,4,978,5,987,3,1000,7,81,SA
40969,Mulgundawa,1009,5,965,4,1032,6,944,4,41,SA
40970,Mullaquana,980,4,930,3,1015,5,891,2,272,SA
40971,Muloorina,952,2,943,3,914,1,956,4,26,SA
40973,Mundic Creek,970,3,947,3,973,3,911,2,30,SA
40975,Mundoora,1000,5,970,5,1003,4,970,5,134,SA
40976,Mundulla,1021,6,981,5,1066,8,952,4,432,SA
40977,Mundulla West,1051,8,1050,9,1071,8,1065,9,91,SA
40978,Mungeranie,952,2,943,3,914,1,956,4,14,SA
40979,Munno Para,858,1,851,1,887,1,876,1,4719,SA
40980,Munno Para Downs,928,2,902,2,1036,6,848,1,181,SA
40981,Munno Para West,935,2,898,2,959,2,880,1,7577,SA
40982,Murbko,1003,5,953,4,1013,5,937,3,105,SA
40983,Murdinga,976,3,973,5,976,3,1021,8,72,SA
40984,Murlong,1060,8,1026,8,1069,8,1038,8,27,SA
40985,Murputja - Nyapari,563,1,761,1,505,1,1051,9,13,SA
40986,Murrawong,978,3,943,3,999,4,919,3,19,SA
40987,Murray Bridge,844,1,830,1,879,1,822,1,15043,SA
40988,Murray Bridge East,1018,6,967,4,1047,7,930,3,1196,SA
40989,Murray Bridge North,1010,5,966,4,1038,6,945,4,142,SA
40990,Murray Bridge South,1031,7,985,5,1082,9,941,4,189,SA
40991,Murray Town,1069,9,1052,9,1082,9,1103,10,58,SA
40992,Murtho,970,3,947,3,973,3,911,2,195,SA
40993,Muston,1035,7,992,6,1044,7,997,6,34,SA
40994,Mutooroo,1029,6,1001,6,958,2,1006,7,36,SA
40995,Mylor,1090,10,1070,9,1095,9,1069,9,1067,SA
40996,Mypolonga,980,4,941,3,1006,4,935,3,506,SA
40997,Myponga,997,5,950,3,1037,6,909,2,771,SA
40998,Myponga Beach,1029,6,1005,7,1058,8,999,6,51,SA
40999,Myrtle Bank (SA),1066,9,1082,10,1037,6,1107,10,3158,SA
41001,Nadia,986,4,978,5,987,3,1000,7,3,SA
41003,Nailsworth,1047,8,1047,9,1007,4,1075,9,2235,SA
41004,Nain,1068,9,1029,8,1089,9,992,6,32,SA
41005,Nairne,1034,7,991,6,1035,6,990,6,5327,SA
41006,Nalyappa,1041,7,1023,8,1043,7,1049,9,18,SA
41007,Nangkita,1035,7,994,6,1067,8,972,5,242,SA
41008,Nangwarry,785,1,779,1,878,1,764,1,505,SA
41009,Nantawarra,967,3,931,3,966,3,931,3,67,SA
41010,Napperby,937,2,893,2,981,3,872,1,666,SA
41011,Naracoorte,951,2,921,2,961,2,894,2,6211,SA
41012,Narridy,1003,5,982,5,969,3,1016,7,59,SA
41013,Narrung (SA),823,1,831,1,766,1,890,2,183,SA
41014,Naturi,958,3,917,2,997,4,890,2,25,SA
41015,Neales Flat,979,4,945,3,996,4,963,5,78,SA
41016,Nectar Brook,1018,6,981,5,1044,7,981,6,17,SA
41017,Nelshaby,976,3,930,3,1015,5,886,2,188,SA
41018,Nene Valley,972,3,938,3,1017,5,869,1,99,SA
41019,Nepabunna,891,1,876,1,697,1,721,1,26,SA
41020,Nepean Bay,1035,7,992,6,1044,7,997,6,140,SA
41021,Netherby (SA),1123,10,1132,10,1098,10,1143,10,1510,SA
41022,Netherton,995,4,997,6,1006,4,1034,8,36,SA
41023,Netley,1009,5,986,5,979,3,979,5,1910,SA
41024,New Port,1015,6,999,6,921,1,1015,7,647,SA
41025,New Residence,999,5,991,6,1028,6,1001,7,95,SA
41026,New Town (SA),926,2,883,1,964,2,865,1,1291,SA
41027,New Well,994,4,971,5,1011,5,978,5,21,SA
41028,Newland,1019,6,997,6,1011,5,1027,8,52,SA
41029,Newton,1012,5,990,6,981,3,990,6,5117,SA
41030,Ngapala,971,3,940,3,995,4,930,3,61,SA
41031,Ngarkat,1045,7,1028,8,1079,9,1046,9,4,SA
41032,Nildottie,943,2,920,2,962,2,922,3,220,SA
41033,Ninnes,1079,9,1048,9,1071,8,1077,9,65,SA
41034,Noarlunga Centre,924,2,893,2,871,1,901,2,203,SA
41035,Noarlunga Downs,936,2,910,2,933,2,914,2,4031,SA
41036,Nora Creina,1006,5,974,5,1014,5,972,5,37,SA
41037,Normanville (SA),991,4,949,3,988,3,943,4,1965,SA
41038,North Adelaide,1058,8,1088,10,960,2,1145,10,6823,SA
41039,North Beach (SA),962,3,933,3,976,3,937,3,676,SA
41040,North Booborowie,961,3,925,2,975,3,928,3,21,SA
41041,North Brighton,1001,5,1014,7,1019,5,1070,9,2665,SA
41043,North Haven (SA),1020,6,981,5,1010,5,954,4,5585,SA
41044,North Moonta,897,1,849,1,949,2,826,1,605,SA
41045,North Plympton,1021,6,1007,7,964,2,1014,7,3610,SA
41046,North Shields,1024,6,968,4,1032,6,939,4,338,SA
41047,North West Bend,1008,5,943,3,1013,5,913,2,18,SA
41049,Northern Heights,943,2,874,1,975,3,835,1,305,SA
41050,Northfield,920,2,924,2,918,1,957,4,5043,SA
41051,Northgate (SA),1062,9,1054,9,1060,8,1064,9,3184,SA
41052,Norton Summit,1075,9,1074,10,1094,9,1095,10,548,SA
41053,Norwood (SA),1052,8,1073,10,957,2,1122,10,6354,SA
41055,Novar Gardens,1018,6,1015,7,993,4,1022,8,2508,SA
41056,Nullarbor,927,2,908,2,876,1,874,1,71,SA
41057,Nunjikompita,986,4,978,5,987,3,1000,7,34,SA
41058,Nuriootpa,982,4,939,3,991,4,912,2,6901,SA
41059,Nurom,1084,10,1020,7,1093,9,1022,8,33,SA
41060,Nurragi,1039,7,1003,6,1073,8,969,5,30,SA
41061,O'Halloran Hill,1033,7,988,6,1013,5,987,6,2722,SA
41062,O'Sullivan Beach,908,1,874,1,912,1,871,1,1844,SA
41063,Oak Valley (SA),644,1,823,1,641,1,1043,8,96,SA
41064,Oakbank,1082,10,1064,9,1084,9,1039,8,865,SA
41065,Oakden,986,4,982,5,958,2,1021,8,3583,SA
41066,Oakden Hills,1007,5,959,4,983,3,904,2,5,SA
41067,Oaklands Park,921,2,930,3,877,1,983,6,3948,SA
41068,Ob Flat,1076,9,1027,8,1099,10,976,5,470,SA
41069,Olary,1029,6,1001,6,958,2,1006,7,4,SA
41071,Old Noarlunga,968,3,923,2,987,3,908,2,1531,SA
41072,Old Reynella,998,5,952,4,988,3,942,4,3458,SA
41075,One Tree Hill,1077,9,1038,8,1119,10,994,6,1043,SA
41076,Onkaparinga Hills,1060,8,1012,7,1093,9,965,5,2610,SA
41077,Oodla Wirra,925,2,925,2,983,3,964,5,5,SA
41078,Oodnadatta,578,1,729,1,555,1,849,1,102,SA
41079,Orroroo,986,4,950,3,969,3,932,3,578,SA
41080,Osborne (SA),930,2,905,2,915,1,903,2,1951,SA
41081,Ottoway,862,1,869,1,907,1,885,2,2783,SA
41083,Overland Corner,972,3,950,3,991,4,967,5,64,SA
41084,Ovingham,983,4,1008,7,890,1,1080,10,766,SA
41085,Owen,908,1,882,1,981,3,893,2,509,SA
41086,Padthaway,955,3,948,3,1007,4,956,4,321,SA
41087,Paechtown,1106,10,1105,10,1163,10,1087,10,204,SA
41088,Pages Flat,1061,8,1038,8,1107,10,1019,7,164,SA
41089,Paisley,994,4,971,5,1011,5,978,5,96,SA
41090,Palkagee,965,3,964,4,959,2,1001,7,15,SA
41091,Pallamana,1010,5,966,4,1038,6,945,4,68,SA
41092,Palmer (SA),967,3,929,3,1021,5,920,3,215,SA
41093,Pandurra,1044,7,1017,7,966,3,1064,9,15,SA
41094,Panitya (SA),1076,9,1045,9,1065,8,1065,9,10,SA
41095,Panorama,1070,9,1062,9,1042,7,1084,10,2388,SA
41096,Para Hills,942,2,915,2,965,3,910,2,6793,SA
41097,Para Hills West,872,1,866,1,900,1,885,2,3295,SA
41098,Para Vista,936,2,914,2,933,2,915,2,3023,SA
41100,Paracombe,1096,10,1071,9,1100,10,1057,9,435,SA
41101,Paradise (SA),1002,5,986,5,973,3,997,6,7217,SA
41103,Parafield Gardens,880,1,884,1,946,2,891,2,18467,SA
41104,Parakylia,1007,5,959,4,983,3,904,2,6,SA
41105,Paralowie,891,1,880,1,961,2,871,1,17504,SA
41106,Paramatta,1037,7,984,5,1022,5,949,4,9,SA
41107,Paratoo,925,2,925,2,983,3,964,5,5,SA
41108,Parawa,1020,6,1001,6,1052,7,1016,7,91,SA
41109,Parham,877,1,843,1,942,2,848,1,185,SA
41110,Parilla,1025,6,982,5,1022,5,978,5,159,SA
41111,Paringa,953,3,920,2,981,3,887,2,1131,SA
41112,Paris Creek,1069,9,1032,8,1099,10,1020,8,206,SA
41113,Park Holme,961,3,960,4,914,1,1004,7,3199,SA
41114,Parkside (SA),1065,9,1086,10,987,3,1131,10,5126,SA
41115,Parnaroo,925,2,925,2,983,3,964,5,6,SA
41116,Parndana,899,1,882,1,930,2,900,2,155,SA
41117,Parrakie,1034,7,1011,7,1042,7,1038,8,78,SA
41118,Parsons Beach,1004,5,965,4,1029,6,957,4,19,SA
41119,Paruna,955,3,922,2,1006,4,939,3,36,SA
41120,Pasadena,1039,7,1026,8,1010,5,1043,8,3073,SA
41121,Paskeville,927,2,884,1,952,2,845,1,149,SA
41122,Pata,955,3,922,2,1006,4,939,3,81,SA
41123,Payneham,1017,6,1018,7,942,2,1060,9,2438,SA
41124,Payneham South,1017,6,1019,7,962,2,1032,8,1731,SA
41125,Peake,995,4,997,6,1006,4,1034,8,104,SA
41126,Pearlah,1060,8,1007,7,1050,7,994,6,66,SA
41127,Peebinga,869,1,898,2,941,2,868,1,35,SA
41128,Peep Hill,979,4,945,3,996,4,963,5,22,SA
41129,Pekina,1045,7,1041,8,1059,8,1093,10,70,SA
41130,Pelican Lagoon,1011,5,975,5,995,4,969,5,48,SA
41131,Pelican Point (SA),944,2,905,2,938,2,886,2,81,SA
41132,Pellaring Flat,833,1,838,1,955,2,828,1,7,SA
41133,Penfield,943,2,909,2,930,2,876,1,422,SA
41134,Penfield Gardens,939,2,953,4,1075,9,939,4,304,SA
41135,Penneshaw,1013,5,968,4,981,3,925,3,269,SA
41136,Pennington,883,1,898,2,898,1,925,3,3773,SA
41137,Penola,981,4,945,3,982,3,937,3,1622,SA
41138,Penong,927,2,908,2,876,1,874,1,280,SA
41139,Penrice,1022,6,968,4,1055,7,924,3,486,SA
41140,Penwortham,1051,8,1022,8,1052,7,1044,9,163,SA
41141,Perlubie,998,5,982,5,992,4,987,6,45,SA
41142,Perponda,1026,6,1000,6,1059,8,1039,8,45,SA
41143,Peterborough (SA),758,1,769,1,840,1,811,1,1490,SA
41144,Peterhead,937,2,924,2,920,1,950,4,1201,SA
41145,Petersville,972,3,943,3,968,3,954,4,75,SA
41146,Petherick,1062,9,1050,9,1088,9,1064,9,40,SA
41147,Petina,998,5,982,5,992,4,987,6,36,SA
41148,Petwood,1079,9,1052,9,1104,10,1052,9,90,SA
41149,Pewsey Vale,1062,9,1024,8,1096,9,985,6,84,SA
41150,Piccadilly (SA),1116,10,1106,10,1111,10,1119,10,405,SA
41151,Piednippie,998,5,982,5,992,4,987,6,16,SA
41152,Pike River,970,3,947,3,973,3,911,2,52,SA
41153,Pimba,1007,5,959,4,983,3,904,2,25,SA
41154,Pimbaacla,986,4,978,5,987,3,1000,7,18,SA
41157,Pine Hill,924,2,913,2,1011,5,921,3,66,SA
41158,Pine Point,1014,5,971,5,995,4,959,4,88,SA
41159,Pinery,954,3,929,3,1041,6,950,4,87,SA
41160,Pinkawillinie,1076,9,1045,9,1065,8,1065,9,51,SA
41161,Pinkerton Plains,1060,8,1032,8,1057,7,1031,8,74,SA
41162,Pinks Beach,937,2,904,2,951,2,823,1,87,SA
41163,Pinnaroo,968,3,932,3,951,2,915,2,768,SA
41164,Pipalyatjara,614,1,793,1,560,1,940,4,159,SA
41165,Pirie East,979,4,935,3,1006,4,903,2,37,SA
41166,Pleasant Park,1056,8,1007,7,1071,8,989,6,37,SA
41167,Plympton,1014,5,1007,7,934,2,1042,8,5459,SA
41168,Plympton Park,995,4,995,6,948,2,1026,8,3881,SA
41169,Point Boston,1017,6,962,4,1024,5,935,3,62,SA
41170,Point Lowly,1060,8,1011,7,1062,8,1024,8,34,SA
41171,Point Pass,971,3,940,3,995,4,930,3,123,SA
41172,Point Pearce,428,1,600,1,539,1,794,1,147,SA
41173,Point Souttar,991,4,964,4,998,4,977,5,34,SA
41174,Point Sturt,979,4,935,3,1044,7,915,2,64,SA
41175,Point Turton,994,4,936,3,1011,5,892,2,350,SA
41176,Polda,965,3,964,4,959,2,1001,7,9,SA
41177,Polish Hill River,1051,8,1022,8,1052,7,1044,9,38,SA
41178,Poltalloch,987,4,964,4,970,3,980,6,41,SA
41179,Pompoota,978,3,943,3,999,4,919,3,65,SA
41180,Ponde,976,3,927,2,964,2,966,5,59,SA
41181,Poochera,998,5,982,5,992,4,987,6,67,SA
41182,Pooginagoric,1095,10,1055,9,1110,10,1036,8,55,SA
41183,Pooginook,987,4,966,4,1025,5,977,5,8,SA
41184,Poonindie,1017,6,962,4,1024,5,935,3,210,SA
41185,Pooraka,902,1,897,2,928,2,916,3,7583,SA
41186,Porky Flat,1011,5,975,5,995,4,969,5,16,SA
41187,Port Adelaide,923,2,943,3,854,1,983,6,1338,SA
41189,Port Augusta,843,1,844,1,835,1,851,1,6437,SA
41190,Port Augusta West,910,2,896,2,907,1,896,2,4046,SA
41191,Port Bonython,1060,8,1011,7,1062,8,1024,8,14,SA
41192,Port Broughton,956,3,937,3,956,2,939,4,1312,SA
41193,Port Davis,979,4,935,3,1006,4,903,2,4,SA
41194,Port Elliot,988,4,951,3,989,3,956,4,2251,SA
41195,Port Gawler,978,3,957,4,987,3,936,3,112,SA
41196,Port Germein,887,1,859,1,942,2,844,1,368,SA
41197,Port Gibbon,926,2,921,2,1010,5,992,6,8,SA
41198,Port Hughes,999,5,977,5,1004,4,960,5,647,SA
41199,Port Julia,1014,5,971,5,995,4,959,4,59,SA
41200,Port Kenny,965,3,964,4,959,2,1001,7,59,SA
41201,Port Lincoln,948,2,915,2,936,2,900,2,14458,SA
41202,Port Macdonnell,978,3,928,3,986,3,895,2,859,SA
41203,Port Mannum,879,1,841,1,908,1,809,1,239,SA
41204,Port Moorowie,1030,6,976,5,1021,5,960,5,93,SA
41205,Port Neill,932,2,903,2,942,2,949,4,218,SA
41206,Port Noarlunga,996,4,965,4,979,3,959,5,3245,SA
41207,Port Noarlunga South,1018,6,976,5,1009,5,963,5,3058,SA
41208,Port Paterson,937,2,889,1,1001,4,847,1,73,SA
41209,Port Pirie,734,1,775,1,652,1,798,1,176,SA
41210,Port Pirie South,916,2,882,1,918,1,867,1,3878,SA
41211,Port Pirie West,750,1,763,1,800,1,792,1,2556,SA
41212,Port Rickaby,1004,5,965,4,1029,6,957,4,69,SA
41213,Port Victoria,937,2,908,2,965,3,914,2,397,SA
41214,Port Vincent,993,4,951,3,963,2,914,2,534,SA
41215,Port Wakefield,875,1,851,1,908,1,830,1,661,SA
41216,Port Willunga,963,3,932,3,971,3,955,4,1785,SA
41217,Porter Lagoon,1039,7,1003,6,1029,6,1015,7,8,SA
41218,Price,972,3,943,3,968,3,954,4,205,SA
41219,Proof Range,931,2,915,2,984,3,909,2,20,SA
41220,Prospect (SA),1052,8,1056,9,997,4,1084,10,14584,SA
41221,Prospect Hill,1056,8,1032,8,1080,9,1008,7,158,SA
41222,Pukatja,470,1,690,1,516,1,851,1,519,SA
41223,Puntabie,986,4,978,5,987,3,1000,7,4,SA
41224,Punthari,951,2,909,2,1000,4,907,2,42,SA
41225,Punyelroo,1022,6,1084,10,999,4,1093,10,39,SA
41227,Purnong,943,2,920,2,962,2,922,3,55,SA
41228,Pyap,1031,6,992,6,1047,7,965,5,175,SA
41229,Pyap West,1031,6,992,6,1047,7,965,5,35,SA
41230,Pygery,978,3,963,4,967,3,987,6,64,SA
41231,Qualco,976,3,916,2,975,3,852,1,47,SA
41232,Queenstown (SA),917,2,906,2,901,1,906,2,1943,SA
41233,Quorn,914,2,889,1,941,2,882,1,1232,SA
41234,Racecourse Bay,1019,6,962,4,1028,6,940,4,27,SA
41235,Ramco,979,4,946,3,993,4,901,2,135,SA
41236,Ramco Heights,994,4,971,5,1011,5,978,5,135,SA
41237,Ramsay (SA),998,5,954,4,1004,4,942,4,74,SA
41238,Rapid Bay,944,2,922,2,947,2,958,4,15,SA
41239,Red Creek,1076,9,1042,9,1112,10,1017,7,145,SA
41240,Redbanks,1007,5,960,4,1037,6,933,3,185,SA
41241,Redhill,981,4,963,4,965,3,1001,7,147,SA
41242,Redwood Park,1047,7,1000,6,1039,6,974,5,5367,SA
41243,Reedy Creek (SA),1036,7,1001,6,1064,8,989,6,94,SA
41244,Reeves Plains,1020,6,978,5,1042,7,958,4,129,SA
41246,Reid (SA),1050,8,979,5,1082,9,926,3,436,SA
41247,Rendelsham,1014,5,981,5,1028,6,970,5,229,SA
41248,Renmark,863,1,858,1,882,1,859,1,4705,SA
41249,Renmark North,989,4,932,3,1032,6,865,1,678,SA
41250,Renmark South,998,5,969,4,1036,6,938,3,423,SA
41251,Renmark West,1016,6,955,4,1046,7,911,2,1358,SA
41252,Renown Park,910,2,935,3,861,1,1006,7,1663,SA
41253,Reynella,990,4,938,3,985,3,917,3,4836,SA
41254,Reynella East,977,3,943,3,969,3,944,4,1990,SA
41255,Rhynie,1019,6,979,5,1011,5,995,6,138,SA
41256,Richmond (SA),980,4,980,5,915,1,1017,7,3474,SA
41257,Ridgehaven,991,4,956,4,972,3,950,4,4304,SA
41258,Ridleyton,971,3,984,5,898,1,1025,8,1180,SA
41259,Risdon Park,881,1,864,1,884,1,865,1,3878,SA
41260,Risdon Park South,956,3,915,2,960,2,896,2,2230,SA
41261,Riverglades,1001,5,953,4,1027,6,912,2,856,SA
41262,Riverglen,971,3,926,2,993,4,904,2,19,SA
41263,Riverton (SA),914,2,891,2,928,2,907,2,1029,SA
41264,Robe,1029,6,988,6,1008,4,963,5,1252,SA
41265,Robertstown,826,1,818,1,911,1,859,1,223,SA
41266,Rochester (SA),1059,8,1033,8,1084,9,1040,8,5,SA
41267,Rockleigh,1019,6,968,4,1036,6,932,3,287,SA
41268,Rocky Camp,1013,5,971,5,1035,6,964,5,133,SA
41269,Rocky Gully (SA),987,4,922,2,1019,5,881,1,113,SA
41270,Rocky Plain (SA),826,1,818,1,911,1,859,1,8,SA
41272,Rogues Point,1056,8,996,6,1031,6,899,2,34,SA
41273,Rose Park,1090,10,1124,10,1052,7,1151,10,1375,SA
41274,Rosedale (SA),1057,8,1011,7,1057,7,973,5,190,SA
41275,Rosetown,918,2,887,1,938,2,877,1,165,SA
41276,Rosewater,919,2,912,2,908,1,929,3,3582,SA
41277,Roseworthy,1049,8,989,6,1083,9,926,3,1041,SA
41278,Rosslyn Park,1102,10,1118,10,1076,9,1143,10,1469,SA
41279,Rostrevor,1051,8,1043,9,1029,6,1056,9,8452,SA
41280,Rowland Flat,1102,10,1058,9,1070,8,1037,8,110,SA
41281,Roxby Downs,1048,8,1004,7,1010,5,919,3,3671,SA
41282,Royal Park,957,3,937,3,935,2,943,4,3453,SA
41283,Royston Park,1070,9,1086,10,1045,7,1105,10,1246,SA
41284,Rudall,1060,8,1026,8,1069,8,1038,8,71,SA
41286,Saddleworth,919,2,886,1,940,2,883,1,483,SA
41287,Saints,1008,5,983,5,1043,7,983,6,11,SA
41288,Salisbury (SA),777,1,812,1,856,1,842,1,8841,SA
41289,Salisbury Downs,833,1,846,1,896,1,864,1,6296,SA
41290,Salisbury East,907,1,887,1,935,2,884,1,9273,SA
41291,Salisbury Heights,1022,6,979,5,1046,7,949,4,4488,SA
41292,Salisbury North,787,1,802,1,864,1,819,1,10683,SA
41293,Salisbury Park,884,1,870,1,933,2,868,1,2276,SA
41294,Salisbury Plain,863,1,862,1,919,1,876,1,1333,SA
41295,Salisbury South,805,1,822,1,866,1,856,1,78,SA
41296,Salt Creek,1057,8,1031,8,1052,7,1073,9,32,SA
41297,Salter Springs,1032,7,997,6,1061,8,983,6,59,SA
41298,Saltia,1024,6,989,6,1022,5,995,6,21,SA
41299,Sampson Flat,1105,10,1069,9,1087,9,1083,10,147,SA
41300,Sandalwood,1026,6,1000,6,1059,8,1039,8,62,SA
41301,Sandergrove,1039,7,1003,6,1073,8,969,5,98,SA
41302,Sanderston,913,2,897,2,968,3,930,3,79,SA
41303,Sandilands (SA),972,3,943,3,968,3,954,4,85,SA
41304,Sandleton,983,4,926,2,999,4,897,2,20,SA
41305,Sandy Creek (SA),1072,9,1025,8,1097,9,975,5,360,SA
41306,Sandy Grove,1038,7,1002,6,1067,8,990,6,124,SA
41307,Sapphiretown,1011,5,975,5,995,4,969,5,21,SA
41308,Sceale Bay,1021,6,971,5,1006,4,960,5,55,SA
41309,Schell Well,955,3,922,2,1006,4,939,3,8,SA
41310,Scott Creek,1111,10,1092,10,1102,10,1082,10,225,SA
41311,Seacliff,1066,9,1064,9,1030,6,1091,10,2117,SA
41312,Seacliff Park,1055,8,1035,8,1031,6,1041,8,2644,SA
41313,Seacombe Gardens,958,3,953,4,910,1,1003,7,3373,SA
41314,Seacombe Heights,1058,8,1025,8,1043,7,1020,8,1549,SA
41315,Seaford (SA),974,3,934,3,974,3,926,3,4493,SA
41316,Seaford Heights,1092,10,1028,8,1064,8,986,6,1079,SA
41317,Seaford Meadows,995,4,959,4,985,3,954,4,5102,SA
41318,Seaford Rise,986,4,949,3,999,4,937,3,6105,SA
41319,Seal Bay,1035,7,992,6,1044,7,997,6,7,SA
41320,Seaton (SA),954,3,938,3,932,2,948,4,10877,SA
41321,Seaview Downs,1059,8,1027,8,1038,6,1020,8,2718,SA
41322,Sebastopol (SA),1004,5,963,4,1016,5,966,5,49,SA
41323,Second Valley,944,2,922,2,947,2,958,4,154,SA
41324,Sedan,993,4,943,3,1025,5,933,3,212,SA
41325,Seddon (SA),1035,7,992,6,1044,7,997,6,107,SA
41326,Sefton Park,1028,6,1020,7,989,4,1041,8,1274,SA
41327,Sellicks Beach,986,4,942,3,1016,5,935,3,2705,SA
41328,Sellicks Hill,1028,6,1004,7,1102,10,1007,7,299,SA
41329,Semaphore,1027,6,1021,7,993,4,1036,8,2749,SA
41330,Semaphore Park,950,2,943,3,926,1,967,5,4541,SA
41331,Semaphore South,1047,7,1029,8,999,4,1029,8,1031,SA
41332,Senior,1045,7,1028,8,1079,9,1046,9,120,SA
41333,Seppeltsfield,1056,8,1018,7,1068,8,994,6,144,SA
41334,Sevenhill,1055,8,1037,8,1058,8,1053,9,163,SA
41335,Shaugh,1045,7,1028,8,1079,9,1046,9,54,SA
41336,Shea-Oak Log,1050,8,1010,7,1045,7,995,6,141,SA
41337,Sheaoak Flat,1014,5,971,5,995,4,959,4,28,SA
41338,Sheidow Park,1068,9,1022,7,1071,8,994,6,6731,SA
41339,Sheringa,965,3,964,4,959,2,1001,7,32,SA
41340,Sherlock (SA),993,4,972,5,1024,5,965,5,70,SA
41341,Sherwood (SA),1045,7,1028,8,1079,9,1046,9,89,SA
41342,Short,1082,10,1039,8,1068,8,1021,8,22,SA
41343,Silverton (SA),944,2,922,2,947,2,958,4,35,SA
41344,Skye (SA),1125,10,1118,10,1122,10,1131,10,293,SA
41345,Sleaford,1035,7,976,5,1009,5,972,5,31,SA
41346,Smithfield (SA),765,1,783,1,833,1,801,1,2482,SA
41347,Smithfield Plains,740,1,761,1,807,1,789,1,3305,SA
41348,Smoky Bay,1002,5,969,4,1011,5,952,4,216,SA
41349,Snowtown,798,1,809,1,879,1,810,1,425,SA
41350,Solomon,1076,9,1045,9,1065,8,1065,9,65,SA
41351,Solomontown,790,1,792,1,828,1,794,1,1088,SA
41352,Somerton Park,1055,8,1053,9,1014,5,1066,9,5811,SA
41353,South Brighton,1039,7,1029,8,990,4,1037,8,2763,SA
41354,South Hummocks,1034,7,1002,6,1029,6,1019,8,30,SA
41355,South Kilkerran,1048,8,1007,7,1034,6,999,6,59,SA
41356,South Plympton,1009,5,998,6,958,2,1027,8,4721,SA
41357,Southend,997,4,947,3,1021,5,881,1,301,SA
41358,Spalding (SA),918,2,895,2,937,2,900,2,260,SA
41359,Spectacle Lake,884,1,867,1,914,1,878,1,5,SA
41360,Spence (SA),1115,10,1083,10,1115,10,1089,10,50,SA
41361,Spring Farm (SA),1073,9,1025,8,1050,7,1005,7,105,SA
41362,Spring Gully (SA),1055,8,1037,8,1058,8,1053,9,60,SA
41363,Springfield (SA),1152,10,1187,10,1167,10,1188,10,548,SA
41364,Springton,970,3,929,3,1004,4,921,3,680,SA
41365,Square Mile,1065,9,1002,6,1098,10,939,4,31,SA
41366,St Agnes (SA),1024,6,984,5,1009,4,974,5,4233,SA
41367,St Clair (SA),1052,8,1047,9,986,3,1079,10,2634,SA
41368,St Georges,1089,10,1121,10,1091,9,1149,10,1726,SA
41369,St Ives (SA),1079,9,1052,9,1104,10,1052,9,35,SA
41370,St Johns,1025,6,982,5,1057,7,943,4,8,SA
41371,St Kilda (SA),835,1,833,1,907,1,841,1,88,SA
41372,St Kitts,1049,8,997,6,1064,8,950,4,43,SA
41373,St Marys (SA),999,5,990,6,950,2,1026,8,3010,SA
41374,St Morris,1047,7,1043,9,999,4,1077,9,1598,SA
41375,St Peters (SA),1092,10,1120,10,1048,7,1148,10,3231,SA
41376,Stanley (SA),1051,8,1022,8,1052,7,1044,9,27,SA
41377,Stanley Flat,1079,9,1028,8,1063,8,992,6,401,SA
41378,Stansbury,974,3,930,3,966,3,918,3,603,SA
41379,Steelton,996,4,983,5,1024,5,1029,8,31,SA
41380,Steinfeld,982,4,929,3,998,4,905,2,30,SA
41382,Stepney,1054,8,1069,9,971,3,1113,10,942,SA
41383,Stewart Range,1064,9,1047,9,1053,7,1100,10,67,SA
41384,Stirling (SA),1115,10,1129,10,1107,10,1145,10,3067,SA
41385,Stirling North,1003,5,948,3,1025,5,889,2,2793,SA
41386,Stockport,947,2,910,2,994,4,903,2,272,SA
41387,Stockwell,1023,6,982,5,1076,9,940,4,516,SA
41388,Stockyard Creek (SA),1032,7,997,6,1061,8,983,6,15,SA
41389,Stockyard Plain,994,4,971,5,1011,5,978,5,17,SA
41390,Stokes Bay,1050,8,1024,8,1062,8,1045,9,52,SA
41391,Stone Hut,1062,8,1019,7,1044,7,1009,7,30,SA
41392,Stone Well,1103,10,1063,9,1085,9,1057,9,110,SA
41393,Stonyfell,1107,10,1138,10,1135,10,1156,10,1266,SA
41394,Stow,916,2,912,2,993,4,934,3,9,SA
41395,Strathalbyn (SA),990,4,947,3,1010,5,934,3,7246,SA
41396,Streaky Bay,998,5,951,3,967,3,929,3,1436,SA
41397,Struan,1067,9,1041,8,1075,9,1054,9,40,SA
41398,Stuart (SA),822,1,817,1,882,1,851,1,15,SA
41399,Stuarts Creek,1007,5,959,4,983,3,904,2,10,SA
41400,Stun'Sail Boom,1019,6,997,6,1011,5,1027,8,7,SA
41401,Sturt (SA),928,2,934,3,894,1,992,6,2787,SA
41402,Sturt Vale,1029,6,1001,6,958,2,1006,7,15,SA
41403,Sultana Point,1030,6,976,5,1021,5,960,5,27,SA
41404,Summertown,1103,10,1088,10,1117,10,1076,9,752,SA
41405,Sunlands,976,3,916,2,975,3,852,1,356,SA
41406,Sunnybrae,925,2,925,2,983,3,964,5,24,SA
41407,Sunnydale,820,1,835,1,881,1,814,1,39,SA
41408,Sunnyside (SA),978,3,943,3,999,4,919,3,96,SA
41409,Sunnyvale,1041,7,1023,8,1043,7,1049,9,38,SA
41410,Surrey Downs,1025,6,977,5,1009,5,955,4,3358,SA
41411,Sutherlands,979,4,945,3,996,4,963,5,33,SA
41412,Suttontown,1069,9,1014,7,1082,9,960,5,692,SA
41413,Swan Reach (SA),858,1,848,1,915,1,862,1,271,SA
41414,Swanport,1031,7,985,5,1082,9,941,4,157,SA
41415,Swede Flat,1051,8,1050,9,1071,8,1065,9,18,SA
41416,Tailem Bend,861,1,827,1,908,1,816,1,1705,SA
41417,Taldra,1003,5,992,6,955,2,1000,7,57,SA
41418,Talia,965,3,964,4,959,2,1001,7,5,SA
41419,Tantanoola,956,3,911,2,997,4,895,2,457,SA
41420,Tanunda,1029,6,997,6,1009,5,985,6,4710,SA
41421,Taperoo,857,1,853,1,871,1,872,1,3250,SA
41422,Taplan,869,1,898,2,941,2,868,1,41,SA
41423,Taratap,1047,8,1033,8,1038,6,1030,8,38,SA
41425,Tarcowie,1049,8,1022,7,1089,9,1075,9,41,SA
41426,Tarlee,968,3,902,2,1013,5,863,1,316,SA
41427,Tarnma,1030,6,989,6,1028,6,993,6,20,SA
41428,Tarpeena,897,1,849,1,953,2,821,1,392,SA
41429,Tatachilla,1065,9,1055,9,1083,9,1035,8,231,SA
41430,Taunton (SA),1006,5,973,5,1019,5,1002,7,7,SA
41431,Taylorville,987,4,966,4,1025,5,977,5,263,SA
41432,Tea Tree Gully,1050,8,1012,7,1025,5,999,7,3499,SA
41433,Teal Flat,1071,9,1028,8,1032,6,996,6,13,SA
41434,Telowie,892,1,884,1,950,2,903,2,89,SA
41435,Templers,1060,8,1032,8,1057,7,1031,8,138,SA
41436,Tennyson (SA),1082,10,1086,10,1073,8,1069,9,1137,SA
41437,Tepko,1017,6,952,4,1010,5,912,2,31,SA
41438,Teringie,1098,10,1089,10,1091,9,1092,10,831,SA
41439,Terowie,888,1,871,1,928,2,876,1,135,SA
41440,The Gap (SA),1019,6,997,6,1030,6,985,6,26,SA
41441,The Pines (SA),991,4,964,4,998,4,977,5,135,SA
41442,The Range (SA),1073,9,1068,9,1113,10,1070,9,159,SA
41443,Thebarton,991,4,1008,7,893,1,1063,9,1442,SA
41444,Thevenard,949,2,928,3,932,2,918,3,563,SA
41445,Thomas Plain,1079,9,1048,9,1071,8,1077,9,46,SA
41446,Thompson Beach,885,1,864,1,961,2,823,1,219,SA
41447,Thorngate,1063,9,1082,10,999,4,1122,10,180,SA
41448,Thornlea,1014,5,981,5,1028,6,970,5,46,SA
41449,Thrington,997,5,950,3,1032,6,934,3,23,SA
41450,Tiatukia,1085,10,1017,7,1101,10,966,5,367,SA
41451,Tickera,965,3,935,3,1006,4,965,5,194,SA
41452,Tiddy Widdy Beach,969,3,915,2,945,2,890,2,195,SA
41453,Tieyon,1007,5,959,4,983,3,904,2,40,SA
41454,Tilley Swamp,1047,8,1033,8,1038,6,1030,8,16,SA
41455,Tintinara,1024,6,992,6,1009,5,995,6,544,SA
41456,Tolderol,1068,9,1035,8,1056,7,1018,7,21,SA
41457,Tonsley,959,3,965,4,881,1,1029,8,743,SA
41458,Tooligie,976,3,973,5,976,3,1021,8,25,SA
41459,Tooperang,1038,7,999,6,1098,10,991,6,271,SA
41460,Toora (SA),1010,5,966,4,1038,6,945,4,41,SA
41461,Toorak Gardens,1088,10,1113,10,1048,7,1145,10,2604,SA
41462,Tootenilla,1060,8,1007,7,1050,7,994,6,12,SA
41464,Torrens Park,1088,10,1108,10,1058,8,1135,10,2687,SA
41465,Torrens Vale,1020,6,1001,6,1052,7,1016,7,71,SA
41466,Torrensville,1017,6,1017,7,970,3,1048,9,4110,SA
41467,Tothill Belt,996,4,983,5,1024,5,1029,8,18,SA
41468,Tothill Creek,996,4,983,5,1024,5,1029,8,9,SA
41469,Totness,1062,9,1059,9,1104,10,1050,9,96,SA
41470,Towitta,993,4,943,3,1025,5,933,3,26,SA
41471,Tranmere (SA),1043,7,1048,9,1003,4,1073,9,4136,SA
41472,Trinity Gardens,1059,8,1067,9,1023,5,1090,10,1264,SA
41473,Trott Park,1039,7,991,6,1034,6,972,5,3124,SA
41474,Truro,1000,5,939,3,1033,6,887,2,523,SA
41475,Tulka,1035,7,976,5,1009,5,972,5,126,SA
41476,Tumby Bay,988,4,945,3,963,2,934,3,1781,SA
41477,Tungkillo,967,3,929,3,1021,5,920,3,342,SA
41478,Tunkalilla,1020,6,1001,6,1052,7,1016,7,6,SA
41479,Tusmore,1097,10,1108,10,1070,8,1128,10,1503,SA
41480,Two Wells,1004,5,954,4,1060,8,897,2,3233,SA
41481,Tyringa,1021,6,971,5,1006,4,960,5,18,SA
41482,Ucolta,925,2,925,2,983,3,964,5,13,SA
41484,Uleybury,1088,10,1025,8,1128,10,923,3,291,SA
41486,Ulyerra,976,3,973,5,976,3,1021,8,28,SA
41487,Undalya,1006,5,974,5,1053,7,968,5,35,SA
41488,Underdale,1009,5,1012,7,962,2,1021,8,2429,SA
41489,Ungarra,1066,9,1030,8,1061,8,1032,8,156,SA
41490,Unley,1067,9,1094,10,998,4,1130,10,3997,SA
41491,Unley Park,1097,10,1136,10,1091,9,1148,10,1383,SA
41493,Upper Hermitage,1085,10,1049,9,1097,9,1017,7,273,SA
41494,Upper Sturt,1097,10,1081,10,1097,9,1094,10,1005,SA
41495,Uraidla,1050,8,1039,8,1064,8,1036,8,581,SA
41496,Urania,1048,8,1007,7,1034,6,999,6,44,SA
41497,Urrbrae,1098,10,1113,10,1076,9,1137,10,1070,SA
41498,Uworra,986,4,978,5,987,3,1000,7,14,SA
41499,Vale Park,1080,9,1080,10,1049,7,1084,10,2452,SA
41500,Valley View,997,4,965,4,991,4,960,5,6405,SA
41501,Veitch,955,3,922,2,1006,4,939,3,16,SA
41502,Venus Bay (SA),965,3,964,4,959,2,1001,7,59,SA
41503,Verdun,1109,10,1097,10,1115,10,1096,10,235,SA
41504,Verran,1060,8,1026,8,1069,8,1038,8,88,SA
41505,Victor Harbor,928,2,899,2,929,2,914,2,4520,SA
41506,Vine Vale,1096,10,1068,9,1071,8,1038,8,90,SA
41507,Virginia (SA),985,4,972,5,1050,7,949,4,2759,SA
41508,Vista,1059,8,1024,8,1048,7,1016,7,1035,SA
41509,Vivonne Bay,1019,6,997,6,1011,5,1027,8,95,SA
41510,Waddikee,1065,9,1042,9,1056,7,1076,9,29,SA
41511,Waikerie,912,2,882,1,920,1,867,1,2681,SA
41512,Waitpinga,1027,6,1008,7,1047,7,1020,8,374,SA
41513,Walker Flat,951,2,883,1,951,2,841,1,92,SA
41514,Walkerville (SA),1065,9,1096,10,1013,5,1144,10,2867,SA
41515,Walkley Heights,1036,7,1013,7,1042,7,1004,7,3513,SA
41516,Wall Flat,1016,6,953,4,1012,5,915,2,60,SA
41517,Wallala,998,5,982,5,992,4,987,6,10,SA
41518,Wallaroo (SA),875,1,858,1,912,1,840,1,3699,SA
41519,Wallaroo Mines,893,1,842,1,952,2,804,1,408,SA
41520,Wallaroo Plain,1061,8,1032,8,1069,8,953,4,51,SA
41521,Walloway,1045,7,1041,8,1059,8,1093,10,8,SA
41522,Waltowa,1020,6,982,5,1014,5,965,5,33,SA
41523,Wami Kata,978,3,912,2,990,4,863,1,19,SA
41524,Wanbi,926,2,924,2,991,4,945,4,23,SA
41525,Wandana (SA),986,4,978,5,987,3,1000,7,22,SA
41526,Wandearah East,1084,10,1020,7,1093,9,1022,8,95,SA
41527,Wandearah West,1084,10,1020,7,1093,9,1022,8,17,SA
41528,Wandilo,1050,8,994,6,1078,9,975,5,194,SA
41529,Wangary,979,4,943,3,1008,4,914,2,203,SA
41530,Wangolina,1038,7,1002,6,1067,8,990,6,69,SA
41531,Wanilla,1050,8,1006,7,1084,9,996,6,95,SA
41532,Wappilka,999,5,991,6,1028,6,1001,7,17,SA
41533,Warburto,1037,7,984,5,1022,5,949,4,58,SA
41534,Ward Belt,975,3,942,3,1014,5,936,3,158,SA
41535,Ward Hill,995,4,964,4,1010,5,963,5,52,SA
41536,Warnertown,979,4,935,3,1006,4,903,2,208,SA
41537,Warnes,1029,6,1001,6,958,2,1006,7,21,SA
41538,Warooka,900,1,879,1,938,2,863,1,360,SA
41539,Warradale,1040,7,1025,8,995,4,1043,8,5801,SA
41540,Warramboo,1053,8,1011,7,1029,6,1011,7,104,SA
41541,Washpool (SA),1006,5,987,6,1027,6,1043,8,43,SA
41542,Wasleys,1023,6,968,4,1073,8,925,3,885,SA
41544,Watchman,1008,5,983,5,1043,7,983,6,31,SA
41545,Waterfall Gully,1110,10,1141,10,1143,10,1153,10,161,SA
41546,Waterloo (SA),996,4,983,5,1024,5,1029,8,82,SA
41547,Waterloo Corner,906,1,892,2,985,3,876,1,1103,SA
41548,Watervale,1044,7,1000,6,1043,7,995,6,338,SA
41550,Wattle Flat (SA),1014,5,984,5,1040,6,967,5,149,SA
41551,Wattle Park,1094,10,1117,10,1089,9,1144,10,1885,SA
41552,Wattle Range,1082,10,1039,8,1068,8,1021,8,68,SA
41553,Wattle Range East,1054,8,1019,7,1055,7,1001,7,41,SA
41554,Wauraltee,1048,8,1007,7,1034,6,999,6,69,SA
41555,Wayville,1075,9,1087,10,997,4,1128,10,1922,SA
41556,Webb Beach,877,1,843,1,942,2,848,1,40,SA
41558,Weeroona Island,892,1,884,1,950,2,903,2,117,SA
41559,Weetulta,1041,7,1023,8,1043,7,1049,9,69,SA
41560,Welland,983,4,982,5,953,2,1015,7,881,SA
41561,Wellington (SA),978,3,913,2,1010,5,929,3,184,SA
41562,Wellington East,1025,6,974,5,1012,5,951,4,291,SA
41563,Wepar,1050,8,994,6,1078,9,975,5,47,SA
41564,West Beach (SA),1059,8,1050,9,1025,5,1042,8,5175,SA
41565,West Bundaleer,1015,5,992,6,1010,5,1005,7,15,SA
41566,West Croydon,1015,5,1011,7,983,3,1031,8,4242,SA
41567,West Hindmarsh,1000,5,1003,6,952,2,1037,8,1560,SA
41568,West Lakes,1057,8,1036,8,1026,6,1019,8,6768,SA
41569,West Lakes Shore,1057,8,1032,8,1040,6,1018,7,3236,SA
41570,West Range,1038,7,1002,6,1067,8,990,6,25,SA
41571,West Richmond,959,3,941,3,943,2,959,4,1087,SA
41572,Westall,1021,6,971,5,1006,4,960,5,7,SA
41573,Westbourne Park,1085,10,1094,10,1064,8,1111,10,2564,SA
41574,Western Flat,1019,6,988,6,1107,10,977,5,121,SA
41575,Western River,1019,6,997,6,1011,5,1027,8,16,SA
41576,Wharminda,1060,8,1026,8,1069,8,1038,8,19,SA
41577,White Hill,987,4,922,2,1019,5,881,1,111,SA
41578,White Hut,991,4,964,4,998,4,977,5,12,SA
41579,White Sands,971,3,926,2,993,4,904,2,194,SA
41580,White Well Corner,986,4,978,5,987,3,1000,7,3,SA
41581,Whites Flat,953,2,920,2,950,2,930,3,54,SA
41582,Whites River,953,2,920,2,950,2,930,3,9,SA
41583,Whites Valley,1041,7,1016,7,1095,9,964,5,313,SA
41584,Whitwarta,1008,5,983,5,1043,7,983,6,48,SA
41585,Whyalla,998,5,967,4,969,3,951,4,3609,SA
41587,Whyalla Jenkins,1027,6,987,6,1001,4,958,4,1961,SA
41588,Whyalla Norrie,843,1,832,1,842,1,838,1,6288,SA
41589,Whyalla Playford,1000,5,949,3,969,3,916,3,2540,SA
41590,Whyalla Stuart,762,1,777,1,785,1,792,1,6476,SA
41591,Whyte Yarcowie,888,1,871,1,928,2,876,1,50,SA
41592,Wigley Flat,969,3,941,3,983,3,930,3,41,SA
41593,Wilcherry,1076,9,1045,9,1065,8,1065,9,5,SA
41594,Wild Dog Valley (SA),1019,6,997,6,1030,6,985,6,153,SA
41595,Wild Horse Plains,943,2,915,2,995,4,869,1,96,SA
41596,Wilgena,1007,5,959,4,983,3,904,2,40,SA
41597,Willalo,1027,6,995,6,968,3,985,6,59,SA
41598,Willalooka,1062,9,1050,9,1088,9,1064,9,136,SA
41599,Willamulka,997,5,950,3,1032,6,934,3,65,SA
41600,Willaston,953,2,915,2,955,2,911,2,3458,SA
41601,William Creek,952,2,943,3,914,1,956,4,17,SA
41602,Williamstown (SA),1031,7,989,6,1059,8,961,5,2981,SA
41603,Willippa,1029,6,1001,6,958,2,1006,7,15,SA
41604,Willochra,1024,6,989,6,1022,5,995,6,12,SA
41605,Willoughby (SA),1011,5,975,5,995,4,969,5,11,SA
41606,Willow Creek,1020,6,1001,6,1052,7,1016,7,48,SA
41607,Willow Springs,1029,6,1001,6,958,2,1006,7,72,SA
41608,Willowie,1018,6,981,5,1044,7,981,6,33,SA
41609,Willson River,1011,5,975,5,995,4,969,5,6,SA
41610,Willunga,1056,8,1025,8,1050,7,1036,8,2445,SA
41611,Willunga Hill,1061,8,1038,8,1107,10,1019,7,150,SA
41612,Willunga South,1074,9,1034,8,1083,9,1029,8,470,SA
41613,Willyaroo,1027,6,980,5,1096,9,947,4,376,SA
41614,Wilmington,975,3,943,3,985,3,927,3,667,SA
41615,Windsor (SA),947,2,915,2,1000,4,855,1,133,SA
41616,Windsor Gardens,1002,5,991,6,959,2,1026,8,5827,SA
41617,Wingfield,881,1,871,1,889,1,872,1,440,SA
41618,Winkie,1024,6,975,5,1047,7,939,4,336,SA
41619,Winninowie,1019,6,993,6,994,4,928,3,5,SA
41620,Winulta,972,3,943,3,968,3,954,4,41,SA
41621,Wirrabara,967,3,947,3,976,3,979,5,353,SA
41623,Wirrega,1045,7,1028,8,1079,9,1046,9,35,SA
41624,Wirrina Cove,944,2,922,2,947,2,958,4,187,SA
41625,Wirrulla,998,5,982,5,992,4,987,6,107,SA
41626,Wisanger,1060,8,998,6,1083,9,966,5,140,SA
41627,Wistow,1050,8,1012,7,1046,7,998,6,285,SA
41628,Witera,1021,6,971,5,1006,4,960,5,3,SA
41629,Wokurna,1001,5,973,5,1000,4,973,5,61,SA
41630,Wolseley,924,2,913,2,1011,5,921,3,207,SA
41631,Wombats Rest,1018,6,973,5,955,2,968,5,3,SA
41632,Wongulla,963,3,888,1,951,2,843,1,64,SA
41633,Wongyarra,1004,5,985,5,1019,5,1040,8,49,SA
41635,Wonuarra,970,3,947,3,973,3,911,2,44,SA
41636,Woodchester,1069,9,1016,7,1075,9,981,6,253,SA
41637,Woodcroft (SA),1032,7,983,5,1028,6,952,4,11326,SA
41638,Woodforde,1090,10,1096,10,1043,7,1109,10,1024,SA
41639,Woodlane,1010,5,966,4,1038,6,945,4,94,SA
41640,Woodleigh (SA),1069,9,993,6,1017,5,892,2,73,SA
41641,Woods Point (SA),971,3,926,2,993,4,904,2,188,SA
41642,Woodside (SA),1046,7,1007,7,1035,6,996,6,2701,SA
41643,Woodville (SA),1003,5,991,6,965,3,997,6,2180,SA
41644,Woodville Gardens,816,1,859,1,845,1,920,3,2412,SA
41645,Woodville North,902,1,909,2,910,1,937,3,2721,SA
41646,Woodville Park,1003,5,995,6,973,3,1011,7,1852,SA
41647,Woodville South,1034,7,1005,7,997,4,997,6,3464,SA
41648,Woodville West,1000,5,985,5,963,2,1001,7,3854,SA
41649,Wool Bay,989,4,952,4,1009,5,943,4,154,SA
41650,Woolpunda,969,3,941,3,983,3,930,3,16,SA
41651,Woolshed Flat (SA),1019,6,979,5,1011,5,995,6,30,SA
41652,Woolsheds,1060,8,1032,8,1057,7,1031,8,27,SA
41653,Woolumbool,1047,7,1020,7,1041,7,1020,8,75,SA
41654,Woolundunga,1018,6,981,5,1044,7,981,6,30,SA
41655,Woomera,1043,7,987,6,925,1,934,3,132,SA
41656,Worlds End (SA),1039,7,1003,6,1029,6,1015,7,14,SA
41657,Worrolong,1070,9,1014,7,1099,10,956,4,1293,SA
41658,Wrattonbully,1067,9,1041,8,1075,9,1054,9,41,SA
41659,Wudinna,1010,5,960,4,980,3,920,3,594,SA
41660,Wunkar,1031,6,992,6,1047,7,965,5,51,SA
41661,Wye,994,4,958,4,986,3,932,3,95,SA
41662,Wynarka,1025,6,986,5,1017,5,1002,7,72,SA
41663,Wynn Vale,1039,7,1003,6,1021,5,995,6,7865,SA
41664,Wyomi,937,2,904,2,951,2,823,1,98,SA
41665,Yacka,959,3,938,3,990,4,999,6,147,SA
41666,Yadlamalka,1044,7,1017,7,966,3,1064,9,6,SA
41667,Yahl,1057,8,994,6,1072,8,937,3,817,SA
41668,Yalanda,1076,9,1045,9,1065,8,1065,9,16,SA
41669,Yalata,655,1,781,1,616,1,839,1,313,SA
41670,Yallunda Flat,1029,6,977,5,1022,5,972,5,120,SA
41671,Yalpara,1045,7,1041,8,1059,8,1093,10,6,SA
41672,Yamba (SA),970,3,947,3,973,3,911,2,3,SA
41673,Yanerbie,1021,6,971,5,1006,4,960,5,17,SA
41674,Yaninee,978,3,963,4,967,3,987,6,66,SA
41675,Yankalilla,945,2,914,2,961,2,907,2,963,SA
41676,Yantanabie,998,5,982,5,992,4,987,6,11,SA
41677,Yanyarrie,1045,7,1041,8,1059,8,1093,10,10,SA
41678,Yardea,1007,5,959,4,983,3,904,2,5,SA
41679,Yarrah,1027,6,993,6,1014,5,1005,7,30,SA
41680,Yatala Vale,1092,10,1053,9,1116,10,1008,7,260,SA
41681,Yatina,1049,8,1022,7,1089,9,1075,9,32,SA
41682,Yattalunga (SA),1099,10,1068,9,1126,10,1032,8,319,SA
41683,Yeelanna,1035,7,1050,9,1036,6,1114,10,85,SA
41685,Yelta (SA),774,1,777,1,826,1,763,1,21,SA
41686,Yinkanie,999,5,991,6,1028,6,1001,7,24,SA
41687,Yongala,925,2,925,2,983,3,964,5,67,SA
41688,Yorke Valley,1048,8,1007,7,1034,6,999,6,23,SA
41689,Yorketown,942,2,907,2,949,2,896,2,997,SA
41690,Younghusband,945,2,902,2,954,2,886,2,229,SA
41692,Yumali,993,4,972,5,1024,5,965,5,60,SA
41694,Yundi,1035,7,994,6,1067,8,972,5,168,SA
41695,Yunta,1029,6,1001,6,958,2,1006,7,60,SA
41696,Zadows Landing,1017,6,952,4,1010,5,912,2,25,SA
50001,Abba River,1051,8,1019,7,1100,10,965,5,83,SA
